Borough,Neighbourhood,Latitude_x,Longitude_x,Median_Cost_Per_Studio,Median_Cost_Per_1_Bed,Median_Cost_Per_2_Bed,Avg_Cost_Per_Studio,Avg_Cost_Per_1_Bed,Avg_Cost_Per_2_Bed,Avg_Cost_Per_3_Bed,Latitude_y,Longitude_y,Zipcode,Restaurant_Count_Name,Restaurant_Mean_Distance (m),Restaurant_Mean_Rating,Restaurant_Mean_Price,Restaurant_Sum_Reviews,School_Count_Name,Park_Count_Name,Transit_Count_Name,Grocery_Count_Name,Rat_Mean_Case Open?,Rat_Mean_Days Complaint Open,Uber_Sum_Ride Count,Uber_Mean_Ride Count,resto_cluster,Transport_Cluster,Location_Cluster,Resto_Rat_Cluster,POI_Cluster
Bronx,Wakefield,40.89470517661,-73.84720052054902,1750.0,1665.0,1950.0,,,,,40.89470517661,-73.84720052054902,10466.0,23,741.6086956521739,3.2941176470588243,1.4545454545454546,0.0,0.0,0.0,0.0,0.0,0.0,8.857142857142858,0.0,0.0,1,1,0,2,1
Bronx,Co-op City,40.87429419303012,-73.82993910812398,,1500.0,1575.0,,,,,40.87429419303012,-73.82993910812398,10475.0,25,749.6,2.882352941176471,1.48,0.0,0.0,0.0,0.0,0.0,0.0,9.63157894736842,0.0,0.0,1,1,0,2,1
Bronx,Eastchester,40.887555677350775,-73.82780644716412,,,,,,,,40.887555677350775,-73.82780644716412,10466.0,25,554.44,3.035947712418301,1.48,0.0,0.0,0.0,0.0,0.0,0.0,9.166666666666666,0.0,0.0,1,1,0,2,1
Bronx,Fieldston,40.89543742690383,-73.90564259591682,,,,,,,,40.89543742690383,-73.90564259591682,10471.0,25,875.12,3.274509803921569,1.5,0.0,0.0,0.0,0.0,0.0,0.0,13.076923076923077,0.0,0.0,1,1,0,2,1
Bronx,Riverdale,40.890834493891305,-73.9125854610857,2300.0,1850.0,2600.0,,,,,40.890834493891305,-73.9125854610857,10463.0,25,633.56,3.4313725490196085,1.56,0.0,0.0,0.0,0.0,0.0,0.0,20.091666666666665,0.0,0.0,1,1,0,1,1
Bronx,Kingsbridge,40.88168737120521,-73.90281798724604,947.0,1500.0,2198.0,,,,,40.88168737120521,-73.90281798724604,10463.0,25,532.28,3.8392156862745104,1.4,0.0,0.0,0.0,0.0,0.0,0.010752688172043,6.991039426523297,1.0,1.0,1,0,0,2,1
Manhattan,Marble Hill,40.87655077879964,-73.91065965862981,,3350.0,1825.0,,,,,40.87655077879964,-73.91065965862981,10034.0,25,639.96,3.343713956170704,1.28,0.0,0.0,0.0,0.0,0.0,0.003831417624521,11.666666666666666,0.0,0.0,1,3,0,2,1
Bronx,Woodlawn,40.89827261213805,-73.86731496814176,,,1983.0,,,,,40.89827261213805,-73.86731496814176,10466.0,80,595.8220564837596,3.638829471182412,1.278688524590164,12558.0,38.0,5.0,32.0,12.0,0.0,5.864197530864198,2.0,1.0,1,0,0,2,0
Bronx,Norwood,40.87722415599446,-73.8793907395681,2700.0,1600.0,1895.0,,,,,40.87722415599446,-73.8793907395681,10458.0,25,552.36,2.887955182072829,1.32,0.0,0.0,0.0,0.0,0.0,0.0,8.842032967032967,0.0,0.0,1,1,0,2,1
Bronx,Williamsbridge,40.88103887819211,-73.85744642974207,3650.0,1600.0,2100.0,,,,,40.88103887819211,-73.85744642974207,10467.0,25,672.16,3.843137254901961,1.5,0.0,0.0,0.0,0.0,0.0,0.0051150895140664,10.964194373401536,0.0,0.0,1,1,0,2,1
Bronx,Baychester,40.866858107252696,-73.83579759808117,,,,,,,,40.866858107252696,-73.83579759808117,10475.0,58,633.7594189890752,3.361764705882353,1.568627450980392,27375.0,25.0,7.0,20.0,4.0,0.0,14.520408163265309,0.0,0.0,1,1,0,0,1
Bronx,Pelham Parkway,40.85741349808865,-73.85475564017999,,1450.0,2150.0,,,,,40.85741349808865,-73.85475564017999,10461.0,25,636.2,3.328808446455506,1.2272727272727273,0.0,0.0,0.0,0.0,0.0,0.0,16.159420289855074,0.0,0.0,1,1,0,2,1
Bronx,City Island,40.84724670491813,-73.78648845267413,1650.0,1350.0,2350.0,,,,,40.84724670491813,-73.78648845267413,10464.0,45,459.0398263267342,3.94969040247678,2.085714285714286,33815.0,5.0,5.0,12.0,1.0,0.02,1.9,4.0,1.0,1,0,0,3,1
Bronx,Bedford Park,40.870185164975325,-73.8855121841913,,2825.0,2100.0,,,,,40.870185164975325,-73.8855121841913,10467.0,25,539.04,2.8883861236802417,1.2916666666666667,0.0,0.0,0.0,0.0,0.0,0.0039840637450199,9.687250996015935,4.0,1.0,1,0,0,2,1
Bronx,University Heights,40.85572707719664,-73.9104159619131,,1100.0,1995.0,,,,,40.85572707719664,-73.9104159619131,10453.0,24,625.2916666666666,3.065359477124184,1.5,0.0,0.0,0.0,0.0,0.0,0.0076628352490421,8.400383141762452,1.0,1.0,1,0,0,2,1
Bronx,Morris Heights,40.84789792606271,-73.91967159119565,,1685.0,1900.0,,,,,40.84789792606271,-73.91967159119565,10453.0,25,732.2,2.6918767507002808,1.2307692307692308,0.0,0.0,0.0,0.0,0.0,0.0078369905956112,10.9435736677116,0.0,0.0,1,1,0,2,1
Bronx,Fordham,40.86099679638654,-73.89642655981623,,1275.0,2025.0,,,,,40.86099679638654,-73.89642655981623,10468.0,25,747.68,3.736383442265796,1.3043478260869563,0.0,0.0,0.0,0.0,0.0,0.0087440381558028,9.512718600953894,0.0,0.0,1,1,0,2,1
Bronx,East Tremont,40.84269615786053,-73.88735617532338,,1650.0,1900.0,,,,,40.84269615786053,-73.88735617532338,10457.0,51,662.5262519001759,3.476776960784313,1.3111111111111111,8315.0,21.0,21.0,10.0,13.0,0.0059523809523809,-1.130952380952381,0.0,0.0,1,1,0,2,0
Bronx,West Farms,40.83947505672653,-73.87774474910545,,1600.0,1700.0,,,,,40.83947505672653,-73.87774474910545,10460.0,25,501.84,2.443137254901961,1.318181818181818,0.0,0.0,0.0,0.0,0.0,0.0068728522336769,7.718213058419244,1.0,1.0,1,0,0,2,1
Bronx,High  Bridge,40.836623010706056,-73.9261020935813,,,,,,,,40.836623010706056,-73.9261020935813,10452.0,25,678.56,2.9313725490196085,1.5,0.0,0.0,0.0,0.0,0.0,0.0099667774086378,7.106312292358804,1.0,1.0,1,0,0,2,1
Bronx,Melrose,40.819754370594936,-73.90942160757436,,1550.0,2095.0,,,,,40.819754370594936,-73.90942160757436,10455.0,53,653.0954000239217,3.786367880485528,1.3829787234042554,8149.0,9.0,12.0,12.0,14.0,0.0097902097902097,9.416783216783216,0.0,0.0,1,1,0,2,0
Bronx,Mott Haven,40.80623874935177,-73.91609987487575,1627.0,1550.0,2295.0,,,,,40.80623874935177,-73.91609987487575,10454.0,25,678.72,3.281045751633988,1.375,0.0,0.0,0.0,0.0,0.0,0.0049261083743842,9.26231527093596,4.0,1.0,1,0,0,2,1
Bronx,Port Morris,40.801663627756206,-73.91322139386135,,,,,,,,40.801663627756206,-73.91322139386135,10454.0,73,645.1616448834689,4.013375350140056,1.4727272727272729,7333.0,28.0,18.0,19.0,5.0,0.0,8.682926829268293,1.0,1.0,1,0,0,2,0
Bronx,Longwood,40.81509904545822,-73.8957882009446,,3395.0,1563.5,,,,,40.81509904545822,-73.8957882009446,10459.0,23,641.5217391304348,3.2047930283224404,1.2608695652173914,0.0,0.0,0.0,0.0,0.0,0.0,0.0,0.0,0.0,1,1,0,2,1
Bronx,Hunts Point,40.80972987938709,-73.88331505955291,,1550.0,1500.0,,,,,40.80972987938709,-73.88331505955291,10474.0,60,647.7076822958363,3.944619799139168,1.4333333333333331,3596.0,14.0,8.0,15.0,9.0,0.0,4.666666666666667,0.0,0.0,1,1,0,2,1
Bronx,Morrisania,40.82359198585534,-73.90150648943059,,1500.0,1879.0,,,,,40.82359198585534,-73.90150648943059,10459.0,23,699.7826086956521,3.362745098039216,1.5,0.0,0.0,0.0,0.0,0.0,0.0124401913875598,-30.3377990430622,0.0,0.0,1,1,0,2,1
Bronx,Soundview,40.821012197914015,-73.86574609554924,,,,,,,,40.821012197914015,-73.86574609554924,10473.0,23,536.5217391304348,2.549019607843137,1.181818181818182,0.0,0.0,0.0,0.0,0.0,0.0,15.140350877192985,0.0,0.0,1,1,0,1,1
Bronx,Clason Point,40.80655112003589,-73.85414416189266,3000.0,1625.0,2100.0,,,,,40.80655112003589,-73.85414416189266,10473.0,7,780.2857142857143,0.0,1.6666666666666667,0.0,0.0,0.0,0.0,0.0,0.0,8.264705882352942,0.0,0.0,1,1,0,2,1
Bronx,Throgs Neck,40.81510925804005,-73.81635002158441,2288.0,1700.0,1950.0,,,,,40.81510925804005,-73.81635002158441,10465.0,20,660.05,3.519607843137256,1.5714285714285714,0.0,0.0,0.0,0.0,0.0,0.01,13.29,0.0,0.0,1,1,0,2,1
Bronx,Country Club,40.844245936947374,-73.8240992675385,,,,,,,,40.844245936947374,-73.8240992675385,10461.0,25,668.96,3.2483660130718963,1.6,0.0,0.0,0.0,0.0,0.0,0.0,16.295081967213115,0.0,0.0,1,1,0,2,1
Bronx,Parkchester,40.837937822267286,-73.85600310535783,1700.0,1700.0,1889.0,,,,,40.837937822267286,-73.85600310535783,10462.0,25,580.32,2.8702865761689296,1.6363636363636365,0.0,0.0,0.0,0.0,0.0,0.0107142857142857,12.321428571428571,6.0,1.0,1,0,0,2,1
Bronx,Westchester Square,40.8406194964327,-73.84219407604444,,1700.0,1725.0,,,,,40.8406194964327,-73.84219407604444,10461.0,25,455.16,3.099192618223761,1.375,0.0,0.0,0.0,0.0,0.0,0.0,12.597560975609756,1.0,1.0,1,0,0,2,1
Bronx,Van Nest,40.84360847124718,-73.8662991807561,,1625.0,2200.0,,,,,40.84360847124718,-73.8662991807561,10460.0,54,533.4953869989029,3.5114379084967324,1.3695652173913044,7408.0,22.0,21.0,28.0,12.0,0.0023364485981308,8.282710280373832,0.0,0.0,1,1,0,2,0
Bronx,Morris Park,40.847549063536334,-73.85040178030421,,1500.0,2050.0,,,,,40.847549063536334,-73.85040178030421,10461.0,25,626.76,3.0915032679738568,1.4782608695652173,0.0,0.0,0.0,0.0,0.0,0.0077519379844961,11.976744186046512,0.0,0.0,1,1,0,2,1
Bronx,Belmont,40.85727710073895,-73.88845196134804,,1400.0,1856.0,,,,,40.85727710073895,-73.88845196134804,10458.0,82,589.7970134864462,4.038247397724522,1.5733333333333333,20614.0,22.0,28.0,38.0,12.0,0.0034642032332563,10.750577367205542,5.0,1.0,1,0,0,0,0
Bronx,Spuyten Duyvil,40.88139497727086,-73.91719048210393,,,,,,,,40.88139497727086,-73.91719048210393,10463.0,86,770.6330258003793,3.798395721925134,1.6493506493506491,29501.0,33.0,32.0,44.0,11.0,0.0,14.857142857142858,0.0,0.0,1,1,0,0,0
Bronx,North Riverdale,40.90854282950666,-73.90453054908927,,,,,,,,40.90854282950666,-73.90453054908927,10471.0,62,524.2815711808522,3.814669571532317,1.5660377358490567,9662.0,28.0,17.0,27.0,3.0,0.0,21.13793103448276,0.0,0.0,1,1,0,1,0
Bronx,Pelham Bay,40.85064140940335,-73.8320737824047,1945.0,1750.0,1950.0,,,,,40.85064140940335,-73.8320737824047,10461.0,117,584.6455097067238,3.951014791881665,1.5742574257425743,33854.0,46.0,18.0,56.0,5.0,0.0059880239520958,9.868263473053892,0.0,0.0,1,1,0,0,0
Bronx,Schuylerville,40.82657951686922,-73.82620275994073,,,,,,,,40.82657951686922,-73.82620275994073,10465.0,25,486.88,3.4117647058823537,1.391304347826087,0.0,0.0,0.0,0.0,0.0,0.0,9.104166666666666,0.0,0.0,1,1,0,2,1
Bronx,Edgewater Park,40.82198611816349,-73.81388514428619,,,,,,,,40.82198611816349,-73.81388514428619,10465.0,87,623.8995393006202,3.6499019607843137,1.63013698630137,21097.0,30.0,12.0,55.0,3.0,0.0,12.847457627118644,0.0,0.0,1,1,0,0,0
Bronx,Castle Hill,40.81901437698832,-73.84802729582735,,1895.0,2300.0,,,,,40.81901437698832,-73.84802729582735,10473.0,53,781.9793772201728,3.3734360410831,1.5294117647058822,8703.0,33.0,18.0,50.0,8.0,0.0,6.465517241379311,0.0,0.0,1,1,0,2,0
Bronx,Olinville,40.87137078192371,-73.86332361652777,,,,,,,,40.87137078192371,-73.86332361652777,10467.0,24,561.5833333333334,3.3814616755793234,1.181818181818182,0.0,0.0,0.0,0.0,0.0,0.0,0.0,0.0,0.0,1,1,0,2,1
Bronx,Pelham Gardens,40.86296562477998,-73.84161194831223,,,2929.0,,,,,40.86296562477998,-73.84161194831223,10469.0,25,669.48,3.196078431372549,1.4090909090909092,0.0,0.0,0.0,0.0,0.0,0.0,5.711267605633803,0.0,0.0,1,1,0,2,1
Bronx,Concourse,40.83428380733851,-73.91558941773444,1450.0,2250.0,2000.0,,,,,40.83428380733851,-73.91558941773444,10452.0,25,693.24,2.794117647058824,1.3636363636363635,0.0,0.0,0.0,0.0,0.0,0.011308562197092,8.24232633279483,3.0,1.0,1,0,0,2,1
Bronx,Unionport,40.82977429787161,-73.85053524451935,,1650.0,1775.0,,,,,40.82977429787161,-73.85053524451935,10472.0,48,720.5627684511694,3.481666666666667,1.5909090909090908,17290.0,16.0,11.0,6.0,6.0,0.006514657980456,8.758957654723128,0.0,0.0,1,1,0,2,1
Bronx,Edenwald,40.88456130303732,-73.84808271877168,,,,,,,,40.88456130303732,-73.84808271877168,10469.0,89,730.3763155670995,3.5534041394335514,1.4477611940298507,18960.0,33.0,15.0,50.0,7.0,0.0,10.023166023166024,0.0,0.0,1,1,0,0,0
Brooklyn,Bay Ridge,40.625801065010656,-74.03062069353813,2038.0,1750.0,2109.0,,,,,40.625801065010656,-74.03062069353813,11209.0,25,562.64,3.7607843137254906,1.92,0.0,0.0,0.0,0.0,0.0,0.0,9.810055865921788,0.0,0.0,1,1,0,2,1
Brooklyn,Bensonhurst,40.61100890202044,-73.99517998380729,4200.0,1500.0,1795.0,,,,,40.61100890202044,-73.99517998380729,11214.0,25,654.72,3.186851211072665,1.3636363636363635,0.0,0.0,0.0,0.0,0.0,0.0,13.696969696969695,0.0,0.0,1,1,0,2,1
Brooklyn,Sunset Park,40.64510294925429,-74.01031618527784,4000.0,1812.5,2000.0,1400.0,1912.0,2300.0,2500.0,40.64510294925429,-74.01031618527784,11220.0,47,584.0411209738775,3.8651747655583977,1.3695652173913044,12112.0,20.0,3.0,17.0,19.0,0.0047058823529411,12.428235294117648,0.0,0.0,1,1,0,2,0
Brooklyn,Greenpoint,40.7302009848647,-73.95424093127393,2350.0,2400.0,2550.0,2347.0,2812.0,3708.0,5278.0,40.7302009848647,-73.95424093127393,11222.0,59,359.6518026938368,4.343436357593885,1.8103448275862069,17627.0,19.0,19.0,15.0,9.0,0.0017182130584192,14.893470790378007,81.0,1.0,1,0,0,0,0
Brooklyn,Gravesend,40.59526001306593,-73.97347087708445,5800.0,1600.0,1838.0,,,,,40.59526001306593,-73.97347087708445,11223.0,88,597.8824310969901,3.9618562091503264,1.5774647887323945,30472.0,30.0,14.0,23.0,12.0,0.0,18.91304347826087,0.0,0.0,1,1,0,0,0
Brooklyn,Brighton Beach,40.57682506566604,-73.96509448785336,2050.0,1575.0,2050.0,,,,,40.57682506566604,-73.96509448785336,11235.0,25,338.96,3.2689075630252105,1.75,0.0,0.0,0.0,0.0,0.0,0.0,16.524344569288388,1.0,1.0,1,0,0,2,1
Brooklyn,Sheepshead Bay,40.58689012678384,-73.94318640482979,1570.0,1665.0,2200.0,,,,,40.58689012678384,-73.94318640482979,11235.0,25,602.44,3.293333333333334,1.8333333333333333,0.0,0.0,0.0,0.0,0.0,0.0,4.708333333333333,0.0,0.0,1,1,0,2,1
Brooklyn,Manhattan Terrace,40.61443251335098,-73.95743840559939,,,,,,,,40.61443251335098,-73.95743840559939,11230.0,25,529.72,3.274509803921569,1.608695652173913,0.0,0.0,0.0,0.0,0.0,0.0136054421768707,12.54421768707483,1.0,1.0,1,0,0,2,1
Brooklyn,Flatbush,40.63632589026677,-73.95840106533903,1618.0,1800.0,2117.0,,,,,40.63632589026677,-73.95840106533903,11218.0,29,751.72,3.658350236646384,1.7857142857142858,1128.0,15.0,11.0,9.0,3.0,0.0,0.0,6.0,1.0,1,0,0,2,1
Brooklyn,Crown Heights,40.67082917695294,-73.94329119073582,1759.0,1850.0,2200.0,1806.0,2310.0,2582.0,3185.0,40.67082917695294,-73.94329119073582,11225.0,25,763.44,3.763921568627452,1.6,0.0,0.0,0.0,0.0,0.0,0.0047562425683709,12.370986920332935,3.0,1.0,1,0,0,2,1
Brooklyn,East Flatbush,40.64171776668961,-73.93610256185836,2700.0,1725.0,1950.0,,,,,40.64171776668961,-73.93610256185836,11203.0,18,562.8333333333334,3.013071895424837,2.090909090909091,0.0,0.0,0.0,0.0,0.0,0.02,10.07,0.0,0.0,1,1,0,3,1
Brooklyn,Kensington,40.642381958003526,-73.98042110559474,2200.0,1850.0,2123.0,1724.0,1866.0,2925.0,3215.0,40.642381958003526,-73.98042110559474,11218.0,25,551.72,3.364145658263306,1.24,0.0,0.0,0.0,0.0,0.0,0.0,14.2565445026178,3.0,1.0,1,0,0,2,1
Brooklyn,Windsor Terrace,40.65694583575104,-73.98007340430172,1600.0,1600.0,2952.0,1939.0,2563.0,2877.0,3679.0,40.65694583575104,-73.98007340430172,11218.0,25,654.24,4.090196078431373,1.44,0.0,0.0,0.0,0.0,0.0,0.0,15.508403361344538,15.0,1.0,1,0,0,2,1
Brooklyn,Prospect Heights,40.67682226225472,-73.9648592426269,1916.0,2375.0,2700.0,2393.0,2823.0,3621.0,4320.0,40.67682226225472,-73.9648592426269,11238.0,25,361.2,4.391372549019608,1.9583333333333333,0.0,0.0,0.0,0.0,0.0,0.0038461538461538,11.47197802197802,13.0,1.0,1,0,0,2,1
Brooklyn,Brownsville,40.66394994339755,-73.91023536176607,2000.0,1780.0,1888.0,,,,,40.66394994339755,-73.91023536176607,11212.0,70,576.3485016199085,3.628685548293391,1.2244897959183674,7201.0,27.0,25.0,28.0,18.0,0.0199430199430199,12.638176638176638,1.0,1.0,1,0,0,3,0
Brooklyn,Williamsburg,40.70714439344251,-73.95811529220927,2491.0,2500.0,2584.0,2712.0,3166.0,4043.0,5081.0,40.70714439344251,-73.95811529220927,11211.0,25,633.72,4.44156862745098,2.0,0.0,0.0,0.0,0.0,0.0,0.0,0.0,3.0,1.0,1,0,0,2,1
Brooklyn,Bushwick,40.69811611017901,-73.92525797487045,1731.0,2150.0,2100.0,2050.0,2373.0,2749.0,2851.0,40.69811611017901,-73.92525797487045,11221.0,43,474.5795396163772,4.190241678066576,1.6,4545.0,17.0,14.0,22.0,17.0,0.0025510204081632,15.404761904761903,23.0,1.0,1,0,0,2,0
Brooklyn,Bedford Stuyvesant,40.687231607720456,-73.94178488690297,1650.0,1975.0,2200.0,2044.0,2297.0,2611.0,3214.0,40.687231607720456,-73.94178488690297,11216.0,69,733.0791815750126,4.174367718101734,1.6031746031746033,12270.0,13.0,16.0,8.0,17.0,0.0,13.175803402646505,7.0,1.0,1,0,0,0,0
Brooklyn,Brooklyn Heights,40.69586372272408,-73.99378225496424,2750.0,2000.0,3450.0,2509.0,3270.0,5983.0,8654.0,40.69586372272408,-73.99378225496424,11201.0,25,534.84,4.39764705882353,2.16,0.0,0.0,0.0,0.0,0.0,0.0,0.0,108.0,1.0,1,0,0,2,1
Brooklyn,Cobble Hill,40.68791972248557,-73.99856139218463,1200.0,1650.0,2700.0,2100.0,2734.0,4222.0,6122.0,40.68791972248557,-73.99856139218463,11201.0,25,423.2,4.366274509803922,2.0,0.0,0.0,0.0,0.0,0.0,0.0031847133757961,16.09235668789809,66.0,1.0,1,0,0,2,1
Brooklyn,Carroll Gardens,40.680540231076485,-73.99465372828006,2175.0,2400.0,3000.0,2271.0,2634.0,3914.0,5027.0,40.680540231076485,-73.99465372828006,11201.0,25,438.96,4.413333333333334,1.9583333333333333,0.0,0.0,0.0,0.0,0.0,0.0,12.733183856502242,40.0,1.0,1,0,0,2,1
Brooklyn,Red Hook,40.676253230250886,-74.0127589747356,1600.0,1750.0,2400.0,,2300.0,4287.0,,40.676253230250886,-74.0127589747356,11231.0,78,488.62774635310257,4.161664152840624,1.7681159420289856,26719.0,24.0,31.0,37.0,8.0,0.0,12.691729323308271,7.0,1.0,1,0,0,0,0
Brooklyn,Gowanus,40.673931143187154,-73.99444087145339,1750.0,1945.0,2350.0,2293.0,2796.0,3588.0,3687.0,40.673931143187154,-73.99444087145339,11215.0,25,614.64,4.444705882352942,1.75,0.0,0.0,0.0,0.0,0.0,0.0,16.877734877734877,0.0,0.0,1,1,0,2,1
Brooklyn,Fort Greene,40.68852726018977,-73.97290574369092,2255.0,2825.0,3528.5,2957.0,2508.0,4213.0,6760.0,40.68852726018977,-73.97290574369092,11205.0,48,363.4684690099568,4.238684640522876,1.9565217391304348,12870.0,16.0,14.0,18.0,8.0,0.0,0.0,39.0,1.0,1,0,0,2,0
Brooklyn,Park Slope,40.67232052268197,-73.97705030183924,2100.0,2475.0,2700.0,2795.0,2739.0,3422.0,4883.0,40.67232052268197,-73.97705030183924,11215.0,87,601.1109364469162,4.238269100743746,1.809523809523809,34123.0,40.0,24.0,27.0,16.0,0.0022988505747126,11.277011494252871,67.0,1.0,1,0,0,0,0
Brooklyn,Cypress Hills,40.68239101144211,-73.87661596457296,1800.0,1827.0,1993.0,,,,,40.68239101144211,-73.87661596457296,11208.0,84,519.526737533241,3.647694007180337,1.2638888888888888,18416.0,46.0,33.0,49.0,25.0,0.0057971014492753,13.217391304347826,1.0,1.0,1,0,0,0,0
Brooklyn,East New York,40.669925700847045,-73.88069863917366,1575.0,1750.0,1995.0,,,,,40.669925700847045,-73.88069863917366,11207.0,25,702.68,2.6209150326797395,1.3888888888888888,0.0,0.0,0.0,0.0,0.0,0.0037878787878787,10.884469696969695,1.0,1.0,1,0,0,2,1
Brooklyn,Starrett City,40.64758905230874,-73.87936970045875,,,,,,,,40.64758905230874,-73.87936970045875,11207.0,25,721.8,3.151260504201681,1.6842105263157894,0.0,0.0,0.0,0.0,0.0,0.0,28.8,0.0,0.0,1,1,0,1,1
Brooklyn,Canarsie,40.63556432797428,-73.90209269778966,2000.0,1500.0,1950.0,,,,,40.63556432797428,-73.90209269778966,11236.0,25,659.12,2.625668449197861,1.7916666666666667,0.0,0.0,0.0,0.0,0.0,0.009009009009009,11.486486486486486,0.0,0.0,1,1,0,2,1
Brooklyn,Flatlands,40.630446043757466,-73.92911302644674,1998.0,1653.0,2000.0,,,,,40.630446043757466,-73.92911302644674,11236.0,25,626.28,2.796791443850268,1.5416666666666667,0.0,0.0,0.0,0.0,0.0,0.0,10.84,0.0,0.0,1,1,0,2,1
Brooklyn,Mill Island,40.606336421685626,-73.90818571777423,,,,,,,,40.606336421685626,-73.90818571777423,11234.0,16,864.9375,3.243137254901961,1.3636363636363635,0.0,0.0,0.0,0.0,0.0,0.0,14.875,0.0,0.0,1,1,0,2,1
Brooklyn,Manhattan Beach,40.57791350308657,-73.94353722891886,,2300.0,2250.0,,,,,40.57791350308657,-73.94353722891886,11235.0,25,723.56,3.0840336134453787,1.7826086956521738,0.0,0.0,0.0,0.0,0.0,0.0,13.146341463414634,0.0,0.0,1,1,0,2,1
Brooklyn,Coney Island,40.57429256471601,-73.98868295821637,,1550.0,2400.0,,,,,40.57429256471601,-73.98868295821637,11224.0,25,632.96,2.9401444788441697,1.4761904761904765,0.0,0.0,0.0,0.0,0.0,0.0,17.602941176470587,0.0,0.0,1,1,0,1,1
Brooklyn,Bath Beach,40.59951870282238,-73.99875221443519,1599.0,2600.0,1825.0,,,,,40.59951870282238,-73.99875221443519,11214.0,78,608.5508293328061,3.85977508650519,1.5757575757575757,17027.0,25.0,12.0,19.0,25.0,0.0162337662337662,8.603896103896103,0.0,0.0,1,1,0,3,0
Brooklyn,Borough Park,40.633130512758015,-73.99049823044811,2023.0,2098.0,1811.5,,,,,40.633130512758015,-73.99049823044811,11219.0,66,658.0252400523362,3.993540945790081,1.5454545454545454,9447.0,29.0,9.0,25.0,25.0,0.018018018018018,9.44144144144144,0.0,0.0,1,1,0,3,0
Brooklyn,Dyker Heights,40.61921945772264,-74.01931375636022,1475.0,1900.0,1900.0,,,,,40.61921945772264,-74.01931375636022,11209.0,25,740.44,3.2139037433155084,1.68,0.0,0.0,0.0,0.0,0.0,0.0118343195266272,11.7396449704142,1.0,1.0,1,0,0,2,1
Brooklyn,Gerritsen Beach,40.590848433902046,-73.93010170691196,,1750.0,2600.0,,,,,40.590848433902046,-73.93010170691196,11235.0,131,586.0179925228127,3.838286004056795,1.7719298245614037,57080.0,58.0,23.0,48.0,22.0,0.0,23.225,0.0,0.0,1,1,0,0,0
Brooklyn,Marine Park,40.609747779894604,-73.93134404108497,,2250.0,2100.0,,,,,40.609747779894604,-73.93134404108497,11234.0,25,790.92,3.0522875816993467,1.4166666666666667,0.0,0.0,0.0,0.0,0.0,0.0,7.6923076923076925,0.0,0.0,1,1,0,2,1
Brooklyn,Clinton Hill,40.693229421881504,-73.96784306216367,1956.0,2521.0,3425.0,2409.0,2776.0,3450.0,4204.0,40.693229421881504,-73.96784306216367,11238.0,65,415.3491320078512,4.215203619909502,1.876923076923077,23658.0,16.0,19.0,18.0,13.0,0.0020597322348094,19.79814624098867,39.0,1.0,1,0,0,0,0
Brooklyn,Sea Gate,40.57637537890224,-74.0078731120024,,,,,,,,40.57637537890224,-74.0078731120024,11224.0,45,725.2081152171419,3.4714285714285715,1.5454545454545454,25878.0,34.0,21.0,34.0,4.0,0.0,9.68421052631579,0.0,0.0,1,1,0,0,0
Brooklyn,Downtown,40.69084402109802,-73.98346337431099,,,,,,,,40.69084402109802,-73.98346337431099,11201.0,25,463.32,4.457254901960784,2.16,0.0,0.0,0.0,0.0,0.0,0.0,0.0,1.0,1.0,1,0,0,2,1
Brooklyn,Boerum Hill,40.68568291209144,-73.98374824115798,2446.0,2300.0,2750.0,2092.0,2854.0,4356.0,4921.0,40.68568291209144,-73.98374824115798,11217.0,63,533.027016755308,4.225583566760038,2.0,29890.0,9.0,18.0,16.0,7.0,0.001592356687898,12.165605095541402,51.0,1.0,1,0,0,0,0
Brooklyn,Prospect Lefferts Gardens,40.658420017469815,-73.95489867077713,,,,1933.0,2094.0,2911.0,3423.0,40.658420017469815,-73.95489867077713,11225.0,59,537.106464709565,3.98185443668993,1.6296296296296295,14668.0,11.0,18.0,10.0,11.0,0.0041436464088397,11.722375690607734,5.0,1.0,1,0,0,0,0
Brooklyn,Ocean Hill,40.67840255479536,-73.91306831787395,1700.0,1800.0,2100.0,,,,,40.67840255479536,-73.91306831787395,11233.0,24,584.5833333333334,2.9909502262443444,1.25,0.0,0.0,0.0,0.0,0.0,0.011639185257032,13.136760426770126,2.0,1.0,1,0,0,2,1
Brooklyn,City Line,40.67856995727479,-73.86797598081334,,,,,,,,40.67856995727479,-73.86797598081334,11416.0,44,620.824188718584,3.4473039215686274,1.4186046511627908,6098.0,15.0,7.0,7.0,7.0,0.0056022408963585,15.358543417366947,0.0,0.0,1,1,0,2,1
Brooklyn,Bergen Beach,40.61514955045308,-73.89855633630317,,1600.0,1900.0,,,,,40.61514955045308,-73.89855633630317,11234.0,6,904.1666666666666,3.470588235294118,1.6,0.0,0.0,0.0,0.0,0.0,0.0,9.625,0.0,0.0,1,1,0,2,1
Brooklyn,Midwood,40.62559589869843,-73.95759523489838,1600.0,1688.0,2000.0,,,,,40.62559589869843,-73.95759523489838,11230.0,25,724.44,3.189542483660132,1.4782608695652173,0.0,0.0,0.0,0.0,0.0,0.0,10.46124031007752,0.0,0.0,1,1,0,2,1
Brooklyn,Prospect Park South,40.64700860318519,-73.96261316716048,,1400.0,4650.0,,,,,40.64700860318519,-73.96261316716048,11218.0,25,710.96,3.751372549019608,1.68,0.0,0.0,0.0,0.0,0.0,0.00859375,14.59453125,11.0,1.0,1,0,0,2,1
Brooklyn,Georgetown,40.62384524478419,-73.91607483951324,,,,,,,,40.62384524478419,-73.91607483951324,11234.0,25,653.96,3.284739982949702,1.68,0.0,0.0,0.0,0.0,0.0,0.0,0.0,0.0,0.0,1,1,0,2,1
Brooklyn,East Williamsburg,40.70849241041548,-73.93885815269195,,,,,,,,40.70849241041548,-73.93885815269195,11206.0,46,909.4128786864136,4.206436487638534,1.7674418604651163,17099.0,27.0,20.0,14.0,11.0,0.005610098176718,12.584852734922862,44.0,1.0,1,0,0,0,0
Brooklyn,North Side,40.714822906532014,-73.95880857587582,,,,,,,,40.714822906532014,-73.95880857587582,11211.0,73,756.6645359477328,4.336637120601665,1.9154929577464788,49097.0,22.0,33.0,36.0,16.0,0.0,0.0,75.0,1.0,1,0,0,0,0
Brooklyn,South Side,40.71086147265064,-73.95800095153331,,,,,,,,40.71086147265064,-73.95800095153331,11249.0,47,666.6843553447426,4.3249061326658325,1.826086956521739,29051.0,7.0,5.0,1.0,9.0,0.0020898641588296,12.968652037617554,127.0,1.0,1,0,0,0,1
Brooklyn,Ocean Parkway,40.61305976667942,-73.96836678035541,,,,,,,,40.61305976667942,-73.96836678035541,11230.0,68,742.4057791426607,3.804131652661064,1.6440677966101696,17846.0,28.0,9.0,32.0,17.0,0.0,12.963235294117649,4.0,1.0,1,0,0,0,0
Brooklyn,Fort Hamilton,40.61476812694226,-74.03197914537984,,,,,,,,40.61476812694226,-74.03197914537984,11209.0,91,556.467692869389,4.064425770308123,1.8222222222222224,30771.0,33.0,18.0,38.0,13.0,0.0,4.545454545454546,19.0,1.0,1,0,0,0,0
Manhattan,Chinatown,40.71561842231432,-73.99427936255978,3000.0,2850.0,2200.0,,,,,40.71561842231432,-73.99427936255978,10002.0,25,381.08,4.4321568627450985,1.7727272727272727,0.0,0.0,0.0,0.0,0.0,0.0,0.0,28.0,1.0,1,0,0,2,1
Manhattan,Washington Heights,40.85190252555305,-73.93690027985234,1650.0,1775.0,2163.0,1978.0,2039.0,2425.0,2859.0,40.85190252555305,-73.93690027985234,10032.0,33,576.8795129826883,3.7572786690433753,1.6071428571428572,383.0,4.0,5.0,0.0,1.0,0.0010615711252653,7.53927813163482,10.0,1.0,1,0,0,2,1
Manhattan,Inwood,40.86768396449915,-73.92121042203897,1699.0,1733.0,2100.0,1657.0,1876.0,2273.0,2570.0,40.86768396449915,-73.92121042203897,10034.0,62,567.827897791955,3.748039215686275,1.6101694915254237,22149.0,18.0,17.0,16.0,12.0,0.0055478502080443,10.592233009708735,19.0,1.0,1,0,0,0,0
Manhattan,Hamilton Heights,40.823604284811935,-73.94968791883366,1937.0,2647.0,2400.0,1992.0,2118.0,2589.0,3174.0,40.823604284811935,-73.94968791883366,10039.0,30,596.3656548430407,3.767058823529412,1.6551724137931034,1960.0,2.0,1.0,0.0,3.0,0.0025884383088869,9.125970664365832,9.0,1.0,1,0,0,2,1
Manhattan,Manhattanville,40.8169344294978,-73.9573853935188,,,,,,,,40.8169344294978,-73.9573853935188,10031.0,49,518.4714527389655,3.889475790316127,1.8444444444444448,12651.0,10.0,18.0,18.0,8.0,0.0335820895522388,7.634328358208955,0.0,0.0,1,1,0,3,0
Manhattan,Central Harlem,40.81597606742414,-73.94321112603905,1713.0,2000.0,2667.0,,,,,40.81597606742414,-73.94321112603905,10030.0,40,545.4282107550473,3.900588235294118,1.7105263157894737,17646.0,14.0,16.0,10.0,10.0,0.0078084331077563,10.06663196251952,24.0,1.0,1,0,0,2,0
Manhattan,East Harlem,40.79224946663033,-73.94418223148524,1600.0,2000.0,2300.0,2010.0,2367.0,3268.0,3880.0,40.79224946663033,-73.94418223148524,10035.0,45,618.7680040585607,4.018649237472768,1.627906976744186,16336.0,19.0,34.0,14.0,12.0,0.0,9.124394184168011,6.0,1.0,1,0,0,2,0
Manhattan,Upper East Side,40.775638573301805,-73.96050763135,1898.0,2395.0,3295.0,,,,,40.775638573301805,-73.96050763135,10028.0,53,453.16,4.24047354790973,2.0754716981132075,24647.0,28.0,31.0,38.0,10.0,0.0049504950495049,10.212871287128714,295.0,1.0,1,4,0,0,0
Manhattan,Yorkville,40.77592984988488,-73.94711784471826,,,,2215.0,2838.0,4181.0,7084.0,40.77592984988488,-73.94711784471826,10075.0,25,434.52,4.290980392156863,1.76,0.0,0.0,0.0,0.0,0.0,0.0,0.0,178.0,1.0,1,0,0,2,1
Manhattan,Lenox Hill,40.76811265828733,-73.9588596881376,,,,2316.0,3277.0,5106.0,8553.0,40.76811265828733,-73.9588596881376,10075.0,37,437.0543240572051,4.348383677795443,2.0285714285714285,8264.0,7.0,2.0,12.0,2.0,0.0015503875968992,7.63875968992248,229.0,1.0,1,0,0,2,1
Manhattan,Roosevelt Island,40.76215960576283,-73.94916769227953,,2050.0,4478.0,2696.0,3257.0,4411.0,5445.0,40.76215960576283,-73.94916769227953,11106.0,63,1097.8148690335668,4.174696545284781,1.7096774193548387,22473.0,14.0,6.0,14.0,12.0,0.0,0.0,1.0,1.0,1,0,0,0,0
Manhattan,Upper West Side,40.78765799853485,-73.97705923630603,1975.0,2750.0,4350.0,,,,,40.78765799853485,-73.97705923630603,10024.0,54,336.17457957922426,4.190958605664488,2.0576923076923075,47372.0,16.0,23.0,15.0,6.0,0.0029556650246305,12.104433497536943,201.0,1.0,1,0,0,0,0
Manhattan,Lincoln Square,40.77352888942166,-73.98533777001262,,,,,,,,40.77352888942166,-73.98533777001262,10023.0,38,612.4183967987028,4.1342621259029935,2.3421052631578947,27370.0,15.0,15.0,18.0,9.0,0.0233236151603498,12.291545189504372,61.0,1.0,1,0,0,3,0
Manhattan,Clinton,40.75910089146212,-73.99611936309479,1250.0,1635.0,3325.0,,,,,40.75910089146212,-73.99611936309479,10018.0,54,944.5780762355496,4.271895424836601,2.0754716981132075,38961.0,14.0,18.0,6.0,8.0,0.0,0.0,468.0,1.0,1,4,0,0,0
Manhattan,Midtown,40.75469110270623,-73.98166882730304,2923.0,3175.0,4000.0,,,,,40.75469110270623,-73.98166882730304,10017.0,24,445.6666666666667,4.251633986928105,2.333333333333333,0.0,0.0,0.0,0.0,0.0,0.0,14.0,338.0,1.0,1,4,0,2,1
Manhattan,Murray Hill,40.75621459993312,-73.89554738529996,2400.0,3350.0,4678.0,2474.0,3426.0,4653.0,6568.0,40.748303077252174,-73.97833207924127,10016.0,97,562.0441166592279,3.984127966976264,1.8505747126436785,23931.0,20.0,8.0,13.0,2.0,0.0,10.048257372654156,355.0,1.0,1,4,0,0,0
Manhattan,Chelsea,40.66938036710546,-74.09633839496252,2659.75,3365.75,5498.0,2794.0,4062.0,6997.0,11031.0,40.744034706747975,-74.00311633472813,10014.0,41,503.5365853658537,4.134640522875817,1.9142857142857144,0.0,0.0,0.0,0.0,0.0,0.0038240917782026,12.17112810707457,305.0,1.0,1,4,0,2,1
Manhattan,Greenwich Village,40.72693288536128,-73.99991402945902,2400.0,3247.0,3675.0,2828.0,4116.0,8000.0,12418.0,40.72693288536128,-73.99991402945902,10003.0,79,1035.45311022875,4.258351948374287,2.102564102564102,106864.0,13.0,10.0,9.0,9.0,0.004712535344015,11.433553251649387,869.0,1.0,1,4,0,0,0
Manhattan,East Village,40.72784677727024,-73.98222616506416,1850.0,2425.0,2933.0,2608.0,3280.0,4044.0,5289.0,40.72784677727024,-73.98222616506416,10009.0,25,329.96,4.388235294117647,1.826086956521739,0.0,0.0,0.0,0.0,0.0,0.0026315789473684,11.619298245614036,369.0,1.0,1,4,0,2,1
Manhattan,Lower East Side,40.71780674892765,-73.98089031999291,2275.0,2375.0,3195.0,2710.0,3524.0,4699.0,5543.0,40.71780674892765,-73.98089031999291,10002.0,57,620.7096447790977,4.246233230134159,1.962264150943396,73147.0,21.0,12.0,41.0,15.0,0.0093537414965986,11.187074829931973,0.0,0.0,1,1,0,0,0
Manhattan,Tribeca,40.721521967443216,-74.01068328559087,2538.0,3800.0,5625.0,3502.0,5543.0,9650.0,15886.0,40.721521967443216,-74.01068328559087,10012.0,25,498.28,4.369411764705883,2.08,0.0,0.0,0.0,0.0,0.0,0.0,0.0,446.0,1.0,1,4,0,2,1
Manhattan,Little Italy,40.71932379395907,-73.99730467208073,1450.0,3000.0,3850.0,,,,,40.71932379395907,-73.99730467208073,10013.0,25,391.0,4.444705882352942,2.1666666666666665,0.0,0.0,0.0,0.0,0.0,0.0,0.0,261.0,1.0,1,4,0,2,1
Manhattan,Soho,40.72218384131794,-74.00065666959759,2443.5,2960.0,3675.0,,,,,40.72218384131794,-74.00065666959759,10012.0,25,409.92,4.43843137254902,2.208333333333333,0.0,0.0,0.0,0.0,0.0,0.0081680280046674,11.365227537922989,553.0,1.0,1,4,0,2,1
Manhattan,West Village,40.73443393572434,-74.00617998126812,2300.0,3310.0,4995.0,2765.0,4169.0,7026.0,11903.0,40.73443393572434,-74.00617998126812,10014.0,47,366.5302385636016,4.326574885273258,2.4468085106382977,52854.0,10.0,20.0,24.0,4.0,0.0,8.429467084639498,699.0,1.0,1,4,0,0,0
Manhattan,Manhattan Valley,40.79730704170287,-73.96428617740655,,,,,,,,40.79730704170287,-73.96428617740655,10025.0,64,484.7756023261207,4.138572303921569,1.75,27350.0,22.0,19.0,23.0,12.0,0.0038338658146964,8.424281150159745,1.0,1.0,1,0,0,0,0
Manhattan,Morningside Heights,40.80799973816583,-73.96389627905332,,,,2329.0,2929.0,3179.0,4105.0,40.80799973816583,-73.96389627905332,10027.0,62,633.0732159407884,4.08573687539532,1.7627118644067796,43790.0,15.0,22.0,32.0,15.0,0.001150747986191,10.560414269275029,215.0,1.0,1,0,0,0,0
Manhattan,Gramercy,40.737209832715,-73.98137594833541,2405.0,3513.5,4756.5,,,,,40.737209832715,-73.98137594833541,10010.0,35,496.3162309185197,4.271596638655463,2.212121212121212,30858.0,15.0,12.0,29.0,10.0,0.0037974683544303,11.332911392405064,129.0,1.0,1,0,0,0,0
Manhattan,Battery Park City,40.71193198394565,-74.01686930508617,2200.0,2733.0,4431.0,2823.0,3573.0,6859.0,10574.0,40.71193198394565,-74.01686930508617,10013.0,24,599.3333333333334,4.313725490196079,1.809523809523809,0.0,0.0,1.0,0.0,0.0,0.0,11.024390243902438,39.0,1.0,1,0,0,2,1
Manhattan,Financial District,40.70710710727048,-74.0106654452127,2195.0,3027.0,3650.0,2955.0,3965.0,6065.0,10653.0,40.70710710727048,-74.0106654452127,10038.0,44,423.15527499306535,4.211586452762924,1.9523809523809523,16169.0,7.0,2.0,8.0,4.0,0.0051282051282051,12.676923076923076,7.0,1.0,1,0,0,0,1
Queens,Astoria,40.76850859335492,-73.91565374304234,1575.0,1875.0,2200.0,,,,,40.76850859335492,-73.91565374304234,11105.0,25,614.68,4.425882352941176,1.7826086956521738,0.0,0.0,0.0,0.0,0.0,0.0054794520547945,11.68219178082192,12.0,1.0,0,0,0,2,2
Queens,Woodside,40.74634908860222,-73.90184166838284,1550.0,1547.5,2061.5,,,,,40.74634908860222,-73.90184166838284,11372.0,25,470.32,3.735686274509805,1.5217391304347827,0.0,0.0,0.0,0.0,3.0,0.0030959752321981,10.160990712074303,7.0,1.0,0,0,0,2,2
Queens,Jackson Heights,40.75198138007367,-73.88282109164365,1575.0,1800.0,2150.0,,,,,40.75198138007367,-73.88282109164365,11372.0,67,616.1323717768911,4.055809189347381,1.8333333333333333,34779.0,17.0,20.0,11.0,18.0,0.0105633802816901,9.077464788732394,15.0,1.0,0,0,0,0,0
Queens,Elmhurst,40.74404850512202,-73.88165622288388,1563.0,1800.0,2236.0,,,,,40.74404850512202,-73.88165622288388,11373.0,25,556.52,4.030588235294118,1.56,0.0,0.0,0.0,0.0,0.0,0.0091743119266055,10.596330275229358,3.0,1.0,0,0,0,2,2
Queens,Howard Beach,40.65422527738487,-73.8381376460028,1100.0,1625.0,2200.0,,,,,40.65422527738487,-73.8381376460028,11414.0,54,474.0893076749867,3.731336238198984,1.679245283018868,27534.0,17.0,4.0,24.0,2.0,0.0,12.296296296296296,1.0,1.0,0,0,0,0,2
Queens,Corona,40.74238175015667,-73.85682497345258,1500.0,1600.0,1950.0,,,,,40.74238175015667,-73.85682497345258,11373.0,25,681.24,3.674509803921569,1.7083333333333333,0.0,0.0,0.0,0.0,0.0,0.0,0.0,1.0,1.0,0,0,0,2,2
Queens,Forest Hills,40.72526378216503,-73.84447500788983,1575.0,1750.0,2150.0,,,,,40.72526378216503,-73.84447500788983,11375.0,25,653.24,3.6007843137254905,1.4782608695652173,0.0,0.0,0.0,0.0,0.0,0.0,20.666666666666668,0.0,0.0,0,3,0,1,2
Queens,Kew Gardens,40.7051790354148,-73.82981905825703,1450.0,1800.0,2125.0,,,,,40.7051790354148,-73.82981905825703,11415.0,45,534.2596069662671,3.704396910279264,1.4878048780487805,8511.0,10.0,7.0,14.0,2.0,0.032258064516129,12.258064516129032,2.0,1.0,0,0,0,3,2
Queens,Richmond Hill,40.69794731471763,-73.83183321446887,2200.0,1695.0,1980.0,,,,,40.69794731471763,-73.83183321446887,11418.0,48,542.8703022835766,3.7064765300059417,1.5121951219512195,7449.0,20.0,6.0,14.0,8.0,0.0,10.795180722891564,0.0,0.0,0,3,0,2,2
Queens,Flushing,40.76445419697846,-73.83177300329582,1600.0,1750.0,2225.0,,,,,40.76445419697846,-73.83177300329582,11354.0,77,479.5608621018639,3.987216704863764,1.7638888888888888,52237.0,26.0,16.0,30.0,16.0,0.0,16.782222222222224,2.0,1.0,0,0,0,0,0
Queens,Long Island City,40.75021734610528,-73.93920223915505,1971.0,2500.0,3300.0,,,,,40.75021734610528,-73.93920223915505,11101.0,25,510.64,3.955294117647059,1.6956521739130437,0.0,0.0,0.0,0.0,0.0,0.0106951871657754,16.518716577540108,66.0,1.0,0,0,0,2,2
Queens,Sunnyside,40.67646822054206,-74.01202084870053,,,,,,,,40.74017628351924,-73.92691617561577,11104.0,41,646.8536585365854,3.845588235294118,1.4857142857142858,0.0,0.0,0.0,0.0,0.0,0.0,0.0,4.0,1.0,0,0,0,2,2
Queens,East Elmhurst,40.76407323883091,-73.86704147658772,1375.0,1700.0,2000.0,,,,,40.76407323883091,-73.86704147658772,11368.0,25,716.68,2.735294117647059,1.64,0.0,0.0,0.0,0.0,0.0,0.0,11.558441558441558,0.0,0.0,0,3,0,2,2
Queens,Maspeth,40.725427374093606,-73.89621713626859,2000.0,1750.0,2000.0,,,,,40.725427374093606,-73.89621713626859,11378.0,48,449.9065583551723,3.7409982174688063,1.5227272727272727,10623.0,19.0,16.0,14.0,4.0,0.0217391304347826,14.057971014492754,1.0,1.0,0,0,0,3,2
Queens,Ridgewood,40.70832315613858,-73.90143517559589,1811.0,1800.0,2000.0,,,,,40.70832315613858,-73.90143517559589,11385.0,25,666.76,3.6007843137254905,1.6666666666666667,0.0,0.0,0.0,0.0,0.0,0.0058479532163742,8.909356725146198,2.0,1.0,0,0,0,2,2
Queens,Glendale,40.70276242967838,-73.87074167435605,1400.0,1675.0,2000.0,,,,,40.70276242967838,-73.87074167435605,11385.0,79,640.6793734324615,3.815196078431372,1.5,23693.0,28.0,16.0,28.0,10.0,0.0,10.075,1.0,1.0,0,0,0,0,0
Queens,Rego Park,40.72897409480735,-73.8578268690537,1673.0,1850.0,2300.0,,,,,40.72897409480735,-73.8578268690537,11375.0,25,534.8,3.0235294117647062,1.2916666666666667,0.0,0.0,0.0,1.0,0.0,0.0172413793103448,13.704022988505749,3.0,1.0,0,0,0,3,2
Queens,Woodhaven,40.68988687915789,-73.8581104655432,1500.0,1600.0,1925.0,,,,,40.68988687915789,-73.8581104655432,11421.0,40,501.7830564188394,3.672210953346856,1.3421052631578947,6676.0,11.0,7.0,13.0,9.0,0.0,14.384615384615383,0.0,0.0,0,3,0,2,2
Queens,Ozone Park,40.680708468265415,-73.84320266173447,1800.0,1888.0,2100.0,,,,,40.680708468265415,-73.84320266173447,11417.0,24,624.375,2.733333333333334,1.4583333333333333,0.0,0.0,0.0,0.0,0.0,0.0,19.67149758454106,3.0,1.0,0,0,0,1,2
Queens,South Ozone Park,40.66854957767195,-73.80986478649041,1085.0,1600.0,1950.0,,,,,40.66854957767195,-73.80986478649041,11420.0,42,797.2736784056044,3.713362381989833,1.4444444444444444,5288.0,15.0,3.0,11.0,2.0,0.0,13.646464646464649,0.0,0.0,0,3,0,2,2
Queens,College Point,40.784902749260205,-73.84304528896125,3000.0,1700.0,1900.0,,,,,40.784902749260205,-73.84304528896125,11356.0,58,482.8742396603807,3.649921568627451,1.625,11966.0,20.0,6.0,22.0,7.0,0.0,9.022222222222222,0.0,0.0,0,3,0,2,2
Queens,Whitestone,40.78129076602694,-73.81420216610863,1150.0,1700.0,2150.0,,,,,40.78129076602694,-73.81420216610863,11357.0,25,748.48,3.15499533146592,1.64,0.0,0.0,0.0,0.0,0.0,0.0,10.18421052631579,1.0,1.0,0,0,0,2,2
Queens,Bayside,40.76604063281064,-73.7742736306867,1850.0,1675.0,2300.0,,,,,40.76604063281064,-73.7742736306867,11361.0,62,643.2250216053088,3.8467109424414927,1.894736842105263,26426.0,22.0,2.0,17.0,1.0,0.0,8.758620689655173,0.0,0.0,0,3,0,0,2
Queens,Auburndale,40.76172954903262,-73.79176243728061,1838.0,1675.0,2175.0,,,,,40.76172954903262,-73.79176243728061,11358.0,25,663.76,3.249411764705883,1.5833333333333333,0.0,0.0,0.0,0.0,0.0,0.0,13.038461538461538,1.0,1.0,0,0,0,2,2
Queens,Little Neck,40.7708261928267,-73.7388977558074,,1875.0,3275.0,,,,,40.7708261928267,-73.7388977558074,11362.0,25,376.8,3.231729055258468,1.9130434782608696,0.0,1.0,0.0,0.0,0.0,0.0,0.0,2.0,1.0,0,0,0,2,2
Queens,Douglaston,40.76684609790763,-73.7424982072733,1300.0,1700.0,2645.0,,,,,40.76684609790763,-73.7424982072733,11362.0,46,470.90577561104624,3.797704447632712,1.9090909090909087,12113.0,16.0,3.0,14.0,0.0,0.0,25.071428571428573,0.0,0.0,0,3,0,1,2
Queens,Glen Oaks,40.74944079974332,-73.71548118999145,1575.0,2400.0,2000.0,,,,,40.74944079974332,-73.71548118999145,11004.0,25,624.4,3.164705882352941,1.391304347826087,0.0,0.0,0.0,0.0,0.0,0.0,29.32,2.0,1.0,0,0,0,1,2
Queens,Bellerose,40.72857318176675,-73.72012814826903,1700.0,3386.0,2200.0,,,,,40.72857318176675,-73.72012814826903,11426.0,51,605.3896519081289,3.8676470588235294,1.4772727272727273,8463.0,12.0,4.0,14.0,5.0,0.0,14.192307692307692,0.0,0.0,0,3,0,2,2
Queens,Kew Gardens Hills,40.722578244228046,-73.82087764933566,1450.0,1699.0,2100.0,,,,,40.722578244228046,-73.82087764933566,11367.0,47,702.5600580676909,3.5768907563025216,1.568181818181818,12206.0,30.0,10.0,18.0,7.0,0.0,12.22222222222222,0.0,0.0,0,3,0,2,2
Queens,Fresh Meadows,40.7343944653313,-73.78271337003264,1450.0,1590.0,2200.0,,,,,40.7343944653313,-73.78271337003264,11366.0,25,614.24,3.348039215686275,1.3333333333333333,0.0,0.0,0.0,0.0,0.0,0.0,32.291666666666664,0.0,0.0,0,3,0,1,2
Queens,Briarwood,40.71093547252271,-73.81174822458634,1438.0,1700.0,2050.0,,,,,40.71093547252271,-73.81174822458634,11435.0,48,749.1917842637193,3.563650075414781,1.3829787234042554,8590.0,11.0,8.0,13.0,8.0,0.0,14.766990291262136,0.0,0.0,0,3,0,2,2
Queens,Jamaica Center,40.70465736068717,-73.79690165888289,1600.0,1815.0,2200.0,,,,,40.70465736068717,-73.79690165888289,11432.0,23,556.1739130434783,2.972850678733032,1.4,0.0,0.0,0.0,0.0,0.0,0.0069444444444444,10.395833333333334,1.0,1.0,0,0,0,2,2
Queens,Oakland Gardens,40.74561857141855,-73.75494976234332,,,,,,,,40.74561857141855,-73.75494976234332,11364.0,25,430.92,2.9803921568627456,1.5217391304347827,0.0,0.0,0.0,0.0,0.0,0.0,13.8,0.0,0.0,0,3,0,2,2
Queens,Queens Village,40.71889309216736,-73.73871484578424,2300.0,1650.0,2000.0,,,,,40.71889309216736,-73.73871484578424,11429.0,36,467.4280598057538,3.4819794584500467,1.40625,2397.0,11.0,1.0,3.0,2.0,0.0,17.37837837837838,0.0,0.0,0,3,0,1,2
Queens,Hollis,40.71124344191904,-73.75925009335594,1600.0,1725.0,2000.0,,,,,40.71124344191904,-73.75925009335594,11423.0,49,674.7324711914086,3.7321895424836606,1.2941176470588236,5309.0,14.0,3.0,23.0,5.0,0.0,7.604938271604938,0.0,0.0,0,3,0,2,2
Queens,South Jamaica,40.696911253789885,-73.7904261313554,2275.0,1999.0,2100.0,,,,,40.696911253789885,-73.7904261313554,11432.0,18,613.0,3.509803921568628,1.3333333333333333,0.0,0.0,0.0,0.0,0.0,0.0034364261168384,10.27147766323024,0.0,0.0,0,3,0,2,2
Queens,St. Albans,40.69444538522359,-73.75867603727717,1650.0,1450.0,2300.0,,,,,40.69444538522359,-73.75867603727717,11412.0,54,562.4072050469335,3.54343137254902,1.4102564102564104,6327.0,25.0,3.0,21.0,4.0,0.0204081632653061,13.03061224489796,0.0,0.0,0,3,0,3,2
Queens,Rochdale,40.67521139591733,-73.77258787620906,2125.0,2100.0,2148.0,,,,,40.67521139591733,-73.77258787620906,11434.0,25,748.2,2.741176470588236,1.318181818181818,0.0,0.0,0.0,0.0,0.0,0.0,8.158730158730158,0.0,0.0,0,3,0,2,2
Queens,Springfield Gardens,40.66623049036858,-73.76042092682287,,,,,,,,40.66623049036858,-73.76042092682287,11434.0,70,759.7231635977432,3.454454764361885,1.3571428571428572,12241.0,22.0,5.0,20.0,7.0,0.0,13.621951219512194,2.0,1.0,0,0,0,2,2
Queens,Cambria Heights,40.692774639160845,-73.73526873708026,,,,,,,,40.692774639160845,-73.73526873708026,11411.0,43,462.9854494871337,3.594117647058824,1.6206896551724137,4749.0,17.0,3.0,15.0,1.0,0.0,12.882352941176473,0.0,0.0,0,3,0,2,2
Queens,Rosedale,40.65981643342808,-73.73526079428278,1457.0,1700.0,1800.0,,,,,40.65981643342808,-73.73526079428278,11422.0,25,622.08,2.882352941176471,1.5263157894736843,0.0,0.0,0.0,0.0,0.0,0.0,17.28,0.0,0.0,0,3,0,1,2
Queens,Far Rockaway,40.603134432500894,-73.75497968043872,1823.0,1775.0,2160.0,,,,,40.603134432500894,-73.75497968043872,11691.0,24,262.625,2.694117647058824,1.2727272727272727,0.0,0.0,0.0,0.0,0.0,0.0,28.628865979381445,0.0,0.0,0,3,0,1,2
Queens,Broad Channel,40.60302658351238,-73.8200548911032,,,,,,,,40.60302658351238,-73.8200548911032,11693.0,7,383.4285714285714,4.372549019607844,1.5,0.0,0.0,0.0,0.0,0.0,0.0,15.666666666666666,0.0,0.0,0,3,0,2,2
Queens,Breezy Point,40.55740128845452,-73.92551196994168,,,,,,,,40.55740128845452,-73.92551196994168,11697.0,5,455.4,3.07843137254902,1.5,0.0,0.0,0.0,0.0,0.0,0.0,0.0,0.0,0.0,0,3,0,2,2
Queens,Steinway,40.775923015642896,-73.90228960391673,,,,,,,,40.775923015642896,-73.90228960391673,11105.0,25,618.04,4.334901960784314,1.7916666666666667,0.0,0.0,0.0,0.0,0.0,0.0,3.8125,12.0,1.0,0,0,0,2,2
Queens,Beechhurst,40.79278140360048,-73.80436451720988,,,,,,,,40.79278140360048,-73.80436451720988,11357.0,25,671.92,3.399077277970012,1.68,0.0,0.0,0.0,0.0,0.0,0.0,22.9,0.0,0.0,0,3,0,1,2
Queens,Bay Terrace,40.66841540741508,-73.95798422398674,,,,,,,,40.782842806245554,-73.7768022262158,11360.0,96,605.3019064169257,3.877587490692479,1.7692307692307692,18018.0,31.0,9.0,35.0,2.0,0.0,17.78125,0.0,0.0,0,3,0,0,2
Queens,Edgemere,40.595641807368494,-73.77613282391705,,,,,,,,40.595641807368494,-73.77613282391705,11691.0,3,573.0,2.411764705882353,1.0,0.0,0.0,0.0,0.0,0.0,0.0,13.866666666666667,0.0,0.0,0,3,0,1,2
Queens,Arverne,40.58914394372971,-73.79199233136943,,,,,,,,40.58914394372971,-73.79199233136943,11692.0,15,531.4666666666667,3.258823529411765,1.4166666666666667,0.0,0.0,0.0,0.0,0.0,0.037037037037037,6.666666666666667,0.0,0.0,0,3,0,3,2
Queens,Rockaway Beach,40.58280169684559,-73.82236121088751,1850.0,1650.0,2000.0,,,,,40.58280169684559,-73.82236121088751,11694.0,25,540.84,3.629514963880289,1.44,0.0,0.0,0.0,0.0,0.0,0.0,30.466666666666665,1.0,1.0,0,0,0,1,2
Queens,Neponsit,40.572036730217015,-73.85754672410827,,,,,,,,40.572036730217015,-73.85754672410827,11694.0,10,905.7,2.9921568627450985,1.125,0.0,0.0,0.0,0.0,0.0,0.0,24.363636363636363,0.0,0.0,0,3,0,1,2
Queens,Murray Hill,40.75621459993312,-73.89554738529996,2400.0,3350.0,4678.0,2474.0,3426.0,4653.0,6568.0,40.76412612261407,-73.81276269135866,11358.0,97,562.0441166592279,3.984127966976264,1.8505747126436785,23931.0,20.0,8.0,13.0,2.0,0.0,10.048257372654156,355.0,1.0,0,4,0,0,2
Queens,Floral Park,40.74137842194544,-73.70884705889246,,1650.0,2300.0,,,,,40.74137842194544,-73.70884705889246,11004.0,41,674.2578061406967,3.5654600301659127,1.4054054054054057,7882.0,10.0,5.0,19.0,3.0,0.0,21.77272727272728,0.0,0.0,0,3,0,1,2
Queens,Holliswood,40.7209572076444,-73.76714166714729,,,1852.0,,,,,40.7209572076444,-73.76714166714729,11427.0,40,645.6686394556845,3.1613333333333333,1.375,11705.0,16.0,5.0,19.0,1.0,0.0,12.51851851851852,0.0,0.0,0,3,0,2,2
Queens,Jamaica Estates,40.71680483014613,-73.7872269693666,1595.0,2058.0,2350.0,,,,,40.71680483014613,-73.7872269693666,11432.0,25,711.36,2.8431372549019613,1.375,0.0,0.0,0.0,0.0,0.0,0.0,6.7368421052631575,0.0,0.0,0,3,0,2,2
Queens,Queensboro Hill,40.7445723092867,-73.82580915110559,,,,,,,,40.7445723092867,-73.82580915110559,11355.0,71,553.0865234269837,3.805313092979128,1.6101694915254237,12286.0,24.0,16.0,9.0,10.0,0.0,20.178571428571427,2.0,1.0,0,0,0,1,0
Queens,Hillcrest,40.7238249018292,-73.79760300912672,1413.0,3606.0,2100.0,,,,,40.7238249018292,-73.79760300912672,11366.0,55,686.5919447475355,3.674795751633987,1.510204081632653,11557.0,18.0,11.0,20.0,4.0,0.0,35.903225806451616,5.0,1.0,0,0,0,1,2
Queens,Ravenswood,40.76170452605415,-73.93157506072878,,,,,,,,40.76170452605415,-73.93157506072878,11101.0,25,696.52,4.250196078431373,1.9565217391304348,0.0,0.0,0.0,0.0,0.0,0.0033557046979865,9.781879194630871,5.0,1.0,0,0,0,2,2
Queens,Lindenwood,40.66391841925139,-73.84963782402441,,,,,,,,40.66391841925139,-73.84963782402441,11417.0,51,679.5453839508243,3.675267379679144,1.425531914893617,11266.0,13.0,8.0,15.0,3.0,0.0,29.84090909090909,0.0,0.0,0,3,0,1,2
Queens,Laurelton,40.66788389660247,-73.74025607989822,1350.0,3200.0,2000.0,,,,,40.66788389660247,-73.74025607989822,11422.0,54,749.5458990964205,3.4823529411764707,1.5227272727272727,6493.0,22.0,4.0,30.0,3.0,0.0,16.354166666666668,0.0,0.0,0,3,0,2,2
Queens,Lefrak City,40.7360745708308,-73.8625247141374,,,,,,,,40.7360745708308,-73.8625247141374,11373.0,61,602.1301899382146,3.744598930481284,1.5254237288135593,23278.0,17.0,15.0,13.0,13.0,0.011049723756906,16.455801104972377,0.0,0.0,0,3,0,0,0
Queens,Belle Harbor,40.57615556543109,-73.8540175039252,,,,,,,,40.57615556543109,-73.8540175039252,11694.0,10,488.8,2.882352941176471,1.125,0.0,0.0,0.0,0.0,0.0,0.0,26.4,0.0,0.0,0,3,0,1,2
Queens,Rockaway Park,40.58034295646131,-73.84153370226186,,,,,,,,40.58034295646131,-73.84153370226186,11694.0,64,550.2316997925101,3.878676470588236,1.6521739130434785,8044.0,30.0,13.0,56.0,2.0,0.0,30.553846153846155,1.0,1.0,0,2,0,1,2
Queens,Somerville,40.59771061565768,-73.79664750844047,,,,,,,,40.59771061565768,-73.79664750844047,11692.0,28,675.6297534459009,4.121078431372549,1.65,3493.0,9.0,20.0,21.0,5.0,0.0,14.909090909090908,0.0,0.0,0,3,0,2,2
Queens,Brookville,40.66000322733613,-73.75175310731153,1500.0,3623.0,2250.0,,,,,40.66000322733613,-73.75175310731153,11413.0,33,713.2417948677637,3.42721568627451,1.2692307692307692,6306.0,28.0,6.0,24.0,2.0,0.0,44.11111111111112,0.0,0.0,0,3,0,1,2
Queens,Bellaire,40.73301404027834,-73.73889198912481,,,,,,,,40.73301404027834,-73.73889198912481,11364.0,62,515.7617308892114,3.5672113289760348,1.543859649122807,9557.0,23.0,10.0,17.0,3.0,0.0,18.83333333333333,0.0,0.0,0,3,0,1,2
Queens,North Corona,40.7540709990489,-73.85751790676447,,,,,,,,40.7540709990489,-73.85751790676447,11368.0,82,607.8558263502094,3.914632718759145,1.542857142857143,21037.0,39.0,17.0,29.0,14.0,0.0049019607843137,11.534313725490197,1.0,1.0,0,0,0,0,0
Queens,Forest Hills Gardens,40.7146110815117,-73.8410221123401,,,,,,,,40.7146110815117,-73.8410221123401,11375.0,72,682.858494155011,3.867538126361656,1.7887323943661972,29966.0,29.0,16.0,32.0,10.0,0.0,10.15,2.0,1.0,0,0,0,0,0
Staten Island,St. George,40.6449815710044,-74.07935312512797,2400.0,1738.0,2298.0,,,,,40.6449815710044,-74.07935312512797,10301.0,25,424.52,3.3865546218487395,1.7083333333333333,0.0,0.0,0.0,0.0,0.0,0.0,0.0,2.0,1.0,0,0,1,2,2
Staten Island,New Brighton,40.64061455913511,-74.08701650516625,,2400.0,1800.0,,,,,40.64061455913511,-74.08701650516625,10301.0,25,773.08,3.6056644880174296,1.4285714285714286,0.0,0.0,0.0,0.0,0.0,0.0,13.38647342995169,0.0,0.0,0,3,1,2,2
Staten Island,Stapleton,40.62692762538176,-74.07790192660066,3279.0,1600.0,3200.0,,,,,40.62692762538176,-74.07790192660066,10301.0,25,402.4,3.2396514161220047,1.434782608695652,0.0,0.0,0.0,0.0,0.0,0.0,13.12087912087912,0.0,0.0,0,3,1,2,2
Staten Island,Rosebank,40.61530494652761,-74.06980526716141,,1775.0,1850.0,,,,,40.61530494652761,-74.06980526716141,10305.0,25,371.32,3.405228758169935,1.5833333333333333,0.0,0.0,0.0,0.0,0.0,0.0,0.0,0.0,0.0,0,3,1,2,2
Staten Island,West Brighton,40.63187892654607,-74.1071817826561,,1700.0,1800.0,,,,,40.63187892654607,-74.1071817826561,10301.0,25,327.6,3.389850057670128,1.380952380952381,0.0,0.0,0.0,0.0,0.0,0.0,16.811764705882354,0.0,0.0,0,3,1,1,2
Staten Island,Grymes Hill,40.624184791313006,-74.08724819983729,,,,,,,,40.624184791313006,-74.08724819983729,10304.0,17,797.7647058823529,3.3921568627450984,1.6,0.0,0.0,0.0,0.0,0.0,0.0,15.768115942028986,0.0,0.0,0,3,1,2,2
Staten Island,Todt Hill,40.59706851814673,-74.1113288180088,,,,,,,,40.59706851814673,-74.1113288180088,0.0,0,0.0,0.0,0.0,0.0,0.0,0.0,0.0,0.0,0.0,37.66666666666666,0.0,0.0,0,3,1,1,2
Staten Island,South Beach,40.58024741350956,-74.0795529253982,1575.0,1675.0,1800.0,,,,,40.58024741350956,-74.0795529253982,10305.0,2,323.5,3.274509803921569,1.5,0.0,0.0,0.0,0.0,0.0,0.0,10.083333333333334,0.0,0.0,0,3,1,2,2
Staten Island,Port Richmond,40.63366930554365,-74.12943426797008,,,,,,,,40.63366930554365,-74.12943426797008,10310.0,67,610.0104406457064,3.859477124183007,1.5806451612903225,10143.0,21.0,3.0,19.0,2.0,0.0,12.77007299270073,0.0,0.0,0,3,1,2,2
Staten Island,Mariner's Harbor,40.63254639048112,-74.15008537046981,,,,,,,,40.63254639048112,-74.15008537046981,10302.0,25,754.56,3.352941176470589,1.5217391304347827,0.0,0.0,0.0,0.0,0.0,0.0,13.578231292517009,0.0,0.0,0,3,1,2,2
Staten Island,Port Ivory,40.63968297845542,-74.17464532993542,,,,,,,,40.63968297845542,-74.17464532993542,10303.0,3,958.3333333333334,0.0,1.0,0.0,0.0,0.0,0.0,0.0,0.0,0.0,0.0,0.0,0,3,1,2,2
Staten Island,Castleton Corners,40.61333593766742,-74.11918058534842,,,1400.0,,,,,40.61333593766742,-74.11918058534842,10314.0,25,457.24,3.2053056516724343,1.3333333333333333,0.0,0.0,0.0,0.0,0.0,0.0,21.67,0.0,0.0,0,3,1,1,2
Staten Island,New Springville,40.594252379161695,-74.16496031329827,,1400.0,1850.0,,,,,40.594252379161695,-74.16496031329827,10314.0,22,546.6818181818181,2.680672268907564,1.1875,0.0,0.0,0.0,0.0,0.0,0.0,0.0,0.0,0.0,0,3,1,2,2
Staten Island,Travis,40.58631375103281,-74.19073717538116,,,1800.0,,,,,40.58631375103281,-74.19073717538116,10314.0,11,521.4545454545455,3.1960784313725497,1.5,0.0,0.0,0.0,0.0,0.0,0.0,0.0,0.0,0.0,0,3,1,2,2
Staten Island,New Dorp,40.57257231820632,-74.1164794360638,,1450.0,1500.0,,,,,40.57257231820632,-74.1164794360638,10306.0,25,522.16,3.236999147485082,1.52,0.0,0.0,0.0,0.0,0.0,0.0,13.76595744680851,0.0,0.0,0,3,1,2,2
Staten Island,Oakwood,40.5584622432888,-74.12156593771896,,1200.0,1725.0,,,,,40.5584622432888,-74.12156593771896,10306.0,15,844.2666666666667,2.7254901960784315,1.4444444444444444,0.0,0.0,0.0,0.0,0.0,0.0363636363636363,15.127272727272729,0.0,0.0,0,3,1,3,2
Staten Island,Great Kills,40.549480228713605,-74.14932381490992,1400.0,1575.0,1750.0,,,,,40.549480228713605,-74.14932381490992,10308.0,25,511.72,3.223760092272204,1.92,0.0,0.0,0.0,0.0,0.0,0.0,16.3875,0.0,0.0,0,3,1,2,2
Staten Island,Eltingville,40.542230747450745,-74.1643308041936,,1899.0,1800.0,,,,,40.542230747450745,-74.1643308041936,10312.0,25,294.44,3.050980392156863,1.52,0.0,0.0,0.0,0.0,0.0,0.0,14.666666666666666,0.0,0.0,0,3,1,1,2
Staten Island,Annadale,40.53811417474507,-74.17854866165878,,,,,,,,40.53811417474507,-74.17854866165878,10312.0,20,399.3,3.03921568627451,1.5625,0.0,0.0,0.0,0.0,0.0,0.0,17.544303797468356,0.0,0.0,0,3,1,1,2
Staten Island,Woodrow,40.54196762288876,-74.20524582480326,,,,,,,,40.54196762288876,-74.20524582480326,10309.0,9,189.77777777777777,3.0392156862745106,1.2857142857142858,0.0,0.0,0.0,0.0,0.0,0.0,18.96153846153846,0.0,0.0,0,3,1,1,2
Staten Island,Tottenville,40.50533376115642,-74.24656934235283,,,,,,,,40.50533376115642,-74.24656934235283,10307.0,49,676.1353440902122,3.875465057818,1.625,5693.0,6.0,6.0,25.0,1.0,0.0,19.52083333333333,0.0,0.0,0,3,1,1,2
Staten Island,Tompkinsville,40.637316067110326,-74.08055351790115,1900.0,2325.0,2800.0,,,,,40.637316067110326,-74.08055351790115,10301.0,25,493.52,3.3589743589743595,1.4090909090909092,0.0,0.0,0.0,0.0,0.0,0.0034482758620689,20.99310344827586,0.0,0.0,0,3,1,1,2
Staten Island,Silver Lake,40.61919310792676,-74.09629029235458,,1300.0,2100.0,,,,,40.61919310792676,-74.09629029235458,10301.0,10,721.7,3.450980392156863,1.625,0.0,0.0,0.0,0.0,0.0,0.0,12.0,0.0,0.0,0,3,1,2,2
Staten Island,Sunnyside,40.67646822054206,-74.01202084870053,,,,,,,,40.61276015756489,-74.0971255217853,10301.0,41,646.8536585365854,3.845588235294118,1.4857142857142858,0.0,0.0,0.0,0.0,0.0,0.0,0.0,4.0,1.0,0,0,1,2,2
Brooklyn,Ditmas Park,40.643675183340974,-73.96101312466779,,,,,,,,40.643675183340974,-73.96101312466779,11218.0,67,662.2772827871157,3.9762949956101847,1.7419354838709675,12430.0,25.0,19.0,24.0,13.0,0.0061919504643962,13.407120743034056,0.0,0.0,1,1,0,0,0
Brooklyn,Wingate,40.66094656188111,-73.93718680559314,,,,,,,,40.66094656188111,-73.93718680559314,11213.0,61,671.5750763377749,3.726,1.588235294117647,12907.0,24.0,13.0,30.0,18.0,0.0,13.987046632124352,0.0,0.0,1,1,0,2,0
Brooklyn,Rugby,40.65557231328077,-73.92688212616955,,,,,,,,40.65557231328077,-73.92688212616955,11203.0,87,611.2098820507981,3.613208061002178,1.5084745762711864,17456.0,49.0,7.0,46.0,15.0,0.0016977928692699,11.268251273344651,1.0,1.0,1,0,0,0,0
Staten Island,Park Hill,40.60919044434558,-74.08015734936296,,,,,,,,40.60919044434558,-74.08015734936296,10304.0,24,726.25,2.9607843137254903,1.5833333333333333,0.0,0.0,0.0,0.0,0.0,0.0153846153846153,15.015384615384615,0.0,0.0,0,3,1,3,2
Staten Island,Westerleigh,40.62109047275409,-74.13304143951704,,1350.0,1800.0,,,,,40.62109047275409,-74.13304143951704,10302.0,66,767.2313119673835,3.85,1.5087719298245614,12243.0,20.0,8.0,34.0,9.0,0.0,18.29591836734694,0.0,0.0,0,3,1,1,2
Staten Island,Graniteville,40.620171512231884,-74.15315246387762,,1350.0,1850.0,,,,,40.620171512231884,-74.15315246387762,10303.0,25,747.32,2.973856209150328,1.565217391304348,0.0,0.0,0.0,0.0,0.0,0.0138888888888888,13.333333333333334,0.0,0.0,0,3,1,2,2
Staten Island,Arlington,40.63532509911492,-74.16510420241124,,,,,,,,40.63532509911492,-74.16510420241124,10303.0,17,587.3529411764706,2.333333333333333,1.1111111111111112,0.0,0.0,0.0,0.0,0.0,0.0212765957446808,17.19148936170213,0.0,0.0,0,3,1,3,2
Staten Island,Arrochar,40.596312571276734,-74.06712363225574,,,,,,,,40.596312571276734,-74.06712363225574,10305.0,24,477.625,2.92717086834734,1.5333333333333334,0.0,0.0,0.0,0.0,0.0,0.0,21.924242424242426,0.0,0.0,0,3,1,1,2
Staten Island,Grasmere,40.59826835959991,-74.0766743627905,,,,,,,,40.59826835959991,-74.0766743627905,10304.0,25,637.56,3.261437908496733,1.6666666666666667,0.0,0.0,0.0,0.0,0.0,0.0,0.0,0.0,0.0,0,3,1,2,2
Staten Island,Old Town,40.59632891379513,-74.08751118005578,,,,,,,,40.59632891379513,-74.08751118005578,10305.0,25,476.76,3.1751633986928107,1.6666666666666667,0.0,0.0,0.0,0.0,0.0,0.0238095238095238,31.047619047619047,0.0,0.0,0,3,1,3,2
Staten Island,Dongan Hills,40.58867294819928,-74.09639905312521,,2400.0,1800.0,,,,,40.58867294819928,-74.09639905312521,10305.0,25,483.68,3.3578431372549025,1.6666666666666667,0.0,0.0,0.0,0.0,0.0,0.0144927536231884,26.20289855072464,0.0,0.0,0,3,1,1,2
Staten Island,Midland Beach,40.57352690574283,-74.09348266303591,,1400.0,1700.0,,,,,40.57352690574283,-74.09348266303591,10306.0,25,798.16,2.901960784313726,1.318181818181818,0.0,0.0,0.0,0.0,0.0,0.0,18.77272727272728,0.0,0.0,0,3,1,1,2
Staten Island,Grant City,40.57621558711788,-74.10585598545434,,1200.0,1900.0,,,,,40.57621558711788,-74.10585598545434,10306.0,25,547.96,3.267379679144385,1.6,0.0,0.0,0.0,0.0,0.0,0.0,5.441176470588236,0.0,0.0,0,3,1,2,2
Staten Island,New Dorp Beach,40.56425549307335,-74.10432707469124,,,,,,,,40.56425549307335,-74.10432707469124,10306.0,25,685.2,2.9495798319327737,1.4166666666666667,0.0,0.0,0.0,0.0,0.0,0.0129870129870129,19.61038961038961,0.0,0.0,0,3,1,1,2
Staten Island,Bay Terrace,40.66841540741508,-73.95798422398674,,,,,,,,40.55398800858462,-74.13916622175768,10308.0,96,605.3019064169257,3.877587490692479,1.7692307692307692,18018.0,31.0,9.0,35.0,2.0,0.0,17.78125,0.0,0.0,0,3,1,0,2
Staten Island,Huguenot,40.531911920489605,-74.19174105747814,,,,,,,,40.531911920489605,-74.19174105747814,10312.0,10,183.6,3.3921568627450984,1.6,0.0,0.0,0.0,0.0,0.0,0.0,13.102564102564102,0.0,0.0,0,3,1,2,2
Staten Island,Pleasant Plains,40.524699376118136,-74.21983106616777,,,,,,,,40.524699376118136,-74.21983106616777,10309.0,16,578.8125,3.2222222222222228,1.3076923076923077,0.0,0.0,0.0,0.0,0.0,0.0,15.615384615384617,0.0,0.0,0,3,1,1,2
Staten Island,Butler Manor,40.50608165346305,-74.22950350260027,,,,,,,,40.50608165346305,-74.22950350260027,0.0,0,0.0,0.0,0.0,0.0,0.0,0.0,0.0,0.0,0.0,18.0,0.0,0.0,0,3,1,1,2
Staten Island,Charleston,40.53053148283314,-74.23215775896526,,,,,,,,40.53053148283314,-74.23215775896526,10309.0,25,695.52,3.450980392156864,1.7727272727272727,0.0,0.0,0.0,0.0,0.0,0.0,13.0,0.0,0.0,0,3,1,2,2
Staten Island,Rossville,40.54940400650072,-74.21572851113952,,,,,,,,40.54940400650072,-74.21572851113952,10309.0,18,552.5555555555555,2.8529411764705888,1.3636363636363635,0.0,0.0,0.0,0.0,0.0,0.0,14.67741935483871,0.0,0.0,0,3,1,1,2
Staten Island,Arden Heights,40.54928582278321,-74.18588674583893,,1650.0,2250.0,,,,,40.54928582278321,-74.18588674583893,10312.0,7,701.1428571428571,3.013071895424837,1.3333333333333333,0.0,0.0,0.0,0.0,0.0,0.0,17.83529411764706,0.0,0.0,0,3,1,1,2
Staten Island,Greenridge,40.5552952361732,-74.17079414786092,,,,,,,,40.5552952361732,-74.17079414786092,10312.0,17,616.9411764705883,2.655773420479304,1.4,0.0,0.0,0.0,0.0,0.0,0.0,17.00925925925926,0.0,0.0,0,3,1,1,2
Staten Island,Heartland Village,40.58913894875281,-74.15902208156601,,,,,,,,40.58913894875281,-74.15902208156601,10314.0,24,688.25,2.625668449197861,1.1666666666666667,0.0,0.0,0.0,0.0,0.0,0.0240963855421686,13.50602409638554,0.0,0.0,0,3,1,3,2
Staten Island,Chelsea,40.66938036710546,-74.09633839496252,2659.75,3365.75,5498.0,2794.0,4062.0,6997.0,11031.0,40.59472602746295,-74.1895604551969,10314.0,41,503.5365853658537,4.134640522875817,1.9142857142857144,0.0,0.0,0.0,0.0,0.0,0.0038240917782026,12.17112810707457,305.0,1.0,0,4,1,2,2
Staten Island,Bloomfield,40.60577868452358,-74.18725638381567,,,,,,,,40.60577868452358,-74.18725638381567,10314.0,7,661.2857142857143,2.1372549019607847,1.0,0.0,0.0,0.0,0.0,0.0,0.0,19.0,0.0,0.0,0,3,1,1,2
Staten Island,Bulls Head,40.6095918004203,-74.15940948657122,,1975.0,1475.0,,,,,40.6095918004203,-74.15940948657122,10314.0,25,391.04,2.8039215686274512,1.434782608695652,0.0,0.0,0.0,0.0,0.0,0.0294117647058823,18.823529411764707,0.0,0.0,0,3,1,3,2
Manhattan,Carnegie Hill,40.7826825671257,-73.95325646837112,,,,2307.0,3266.0,5547.0,11529.0,40.7826825671257,-73.95325646837112,10028.0,47,428.4801421409743,4.158948685857323,1.8478260869565213,19482.0,12.0,8.0,15.0,8.0,0.0023105360443622,10.07162661737523,208.0,1.0,1,0,0,0,0
Manhattan,Noho,40.72325901885768,-73.98843368023597,2500.0,1750.0,7248.0,,,,,40.72325901885768,-73.98843368023597,10012.0,66,769.4288089719619,4.284343434343434,2.246153846153846,90388.0,7.0,9.0,17.0,7.0,0.005050505050505,9.210437710437713,417.0,1.0,1,4,0,0,0
Manhattan,Civic Center,40.71522892046282,-74.00541529873355,2367.0,2119.0,3446.5,,,,,40.71522892046282,-74.00541529873355,10013.0,66,421.499325948081,4.279055258467023,2.203125,71297.0,8.0,17.0,20.0,14.0,0.0206185567010309,13.785223367697595,63.0,1.0,1,0,0,0,0
Manhattan,Midtown South,40.7485096643122,-73.98871313285247,,,,,,,,40.7485096643122,-73.98871313285247,10016.0,52,437.9879071391945,4.252187028657617,2.18,30601.0,17.0,17.0,15.0,6.0,0.0027027027027027,11.702702702702704,318.0,1.0,1,4,0,0,0
Staten Island,Richmond Town,40.56960594275505,-74.1340572986257,,,,,,,,40.56960594275505,-74.1340572986257,10306.0,20,710.45,3.0392156862745106,1.5,0.0,0.0,0.0,0.0,0.0,0.0,39.0,0.0,0.0,0,3,1,1,2
Staten Island,Shore Acres,40.60971934079284,-74.06667766061771,,,,,,,,40.60971934079284,-74.06667766061771,10305.0,25,533.12,3.2418300653594776,1.5,0.0,0.0,0.0,0.0,0.0,0.0,20.816091954022987,0.0,0.0,0,3,1,1,2
Staten Island,Clifton,40.61917845202843,-74.072642445484,,,,,,,,40.61917845202843,-74.072642445484,10304.0,25,645.0,3.5568627450980395,1.5833333333333333,0.0,0.0,0.0,0.0,0.0,0.0,21.633333333333333,0.0,0.0,0,3,1,1,2
Staten Island,Concord,40.6044731896879,-74.08402364740358,,1700.0,1900.0,,,,,40.6044731896879,-74.08402364740358,10305.0,148,629.0774553664863,3.869841966637401,1.6442307692307692,23621.0,45.0,26.0,112.0,5.0,0.0,14.44927536231884,0.0,0.0,0,2,1,0,0
Staten Island,Emerson Hill,40.606794394801,-74.09776206972522,,,,,,,,40.606794394801,-74.09776206972522,10304.0,12,843.4166666666666,2.594771241830065,1.1666666666666667,0.0,0.0,0.0,0.0,0.0,0.0,25.678571428571427,0.0,0.0,0,3,1,1,2
Staten Island,Randall Manor,40.63563000681151,-74.09805062373887,,,,,,,,40.63563000681151,-74.09805062373887,10301.0,99,686.7093730140441,3.826481603877506,1.704225352112676,14290.0,55.0,41.0,94.0,3.0,0.0,8.892857142857142,0.0,0.0,0,2,1,0,0
Staten Island,Howland Hook,40.63843283794795,-74.18622331749823,,,,,,,,40.63843283794795,-74.18622331749823,7202.0,3,864.6666666666666,2.725490196078432,1.5,0.0,0.0,0.0,0.0,0.0,0.0,0.0,0.0,0.0,0,3,1,2,2
Staten Island,Elm Park,40.63014674119383,-74.1418167896889,,,,,,,,40.63014674119383,-74.1418167896889,10303.0,63,742.3372113879756,3.472021116138764,1.4375,9928.0,15.0,7.0,40.0,3.0,0.0116959064327485,10.7953216374269,0.0,0.0,0,3,1,2,2
Brooklyn,Remsen Village,40.65211745179349,-73.91665331978048,,,,,,,,40.65211745179349,-73.91665331978048,11236.0,24,569.7083333333334,2.734204793028323,1.55,0.0,0.0,0.0,0.0,0.0,0.0049751243781094,11.437810945273633,0.0,0.0,1,1,0,2,1
Brooklyn,New Lots,40.6627442796966,-73.88511776379292,,,,,,,,40.6627442796966,-73.88511776379292,11207.0,25,645.2,2.611408199643494,1.3333333333333333,0.0,0.0,0.0,0.0,0.0,0.0,11.487244897959185,0.0,0.0,1,1,0,2,1
Brooklyn,Paerdegat Basin,40.63131755039667,-73.90233474295836,,,,,,,,40.63131755039667,-73.90233474295836,11236.0,79,746.7878894731324,3.482745098039216,1.4166666666666667,10423.0,40.0,6.0,32.0,5.0,0.008,12.552,0.0,0.0,1,1,0,2,0
Brooklyn,Mill Basin,40.61597423962336,-73.91515391550404,,1400.0,1950.0,,,,,40.61597423962336,-73.91515391550404,11234.0,127,650.4066254047764,3.6559729774262646,1.6989247311827955,49435.0,54.0,16.0,90.0,10.0,0.0169491525423728,10.983050847457626,0.0,0.0,1,2,0,0,0
Queens,Jamaica Hills,40.71145964370482,-73.79646462081593,,1525.0,2300.0,,,,,40.71145964370482,-73.79646462081593,11432.0,90,741.4289410049188,3.742913874410524,1.3896103896103895,21273.0,40.0,12.0,46.0,19.0,0.0151515151515151,12.525252525252526,0.0,0.0,0,3,0,0,0
Queens,Utopia,40.73350025429757,-73.79671678028349,,,,,,,,40.73350025429757,-73.79671678028349,11365.0,25,743.48,3.1568627450980395,1.4583333333333333,0.0,0.0,0.0,0.0,0.0,0.0,0.0,1.0,1.0,0,0,0,2,2
Queens,Pomonok,40.73493618075478,-73.80486120040537,,1688.0,2100.0,,,,,40.73493618075478,-73.80486120040537,11365.0,61,637.428743790475,3.7321266968325792,1.490909090909091,20790.0,31.0,10.0,25.0,7.0,0.0,8.476190476190476,6.0,1.0,0,0,0,0,2
Queens,Astoria Heights,40.7703173929982,-73.89467996270574,,,,,,,,40.7703173929982,-73.89467996270574,11105.0,75,882.6238393618942,4.045066915655151,1.6428571428571428,25843.0,18.0,10.0,16.0,5.0,0.0,9.92,1.0,1.0,0,0,0,0,2
Bronx,Claremont Village,40.83142834161548,-73.90119903387667,,,,,,,,40.83142834161548,-73.90119903387667,10459.0,49,564.0434743872611,3.932703081232493,1.2580645161290325,2603.0,15.0,17.0,15.0,12.0,0.0043478260869565,9.667826086956522,0.0,0.0,1,1,0,2,0
Bronx,Concourse Village,40.824780490842905,-73.91584652759009,3098.0,1700.0,2195.0,,,,,40.824780490842905,-73.91584652759009,10456.0,57,562.8527408613522,3.582553021208484,1.5348837209302326,5143.0,26.0,22.0,23.0,20.0,0.0013831258644536,9.887966804979254,1.0,1.0,1,0,0,2,0
Bronx,Mount Eden,40.84382617671654,-73.91655551964419,1375.0,1475.0,1950.0,,,,,40.84382617671654,-73.91655551964419,10452.0,60,608.8200729363961,3.660224089635854,1.2448979591836735,6221.0,16.0,23.0,27.0,16.0,0.0113636363636363,-0.1275252525252525,0.0,0.0,1,1,0,2,0
Bronx,Mount Hope,40.84884160724665,-73.90829930881988,,1875.0,1825.0,,,,,40.84884160724665,-73.90829930881988,10453.0,56,489.9734890491412,3.737946943483276,1.3428571428571427,6623.0,26.0,23.0,37.0,22.0,0.008955223880597,11.67462686567164,0.0,0.0,1,1,0,2,0
Manhattan,Sutton Place,40.76028033131374,-73.96355614094303,,,,2676.0,3622.0,5217.0,6497.0,40.76028033131374,-73.96355614094303,10065.0,42,583.2402519632561,4.23529411764706,2.4390243902439024,12546.0,12.0,8.0,8.0,5.0,0.0,10.849462365591398,71.0,1.0,1,0,0,0,1
Queens,Hunters Point,40.743414090073536,-73.95386782130745,,,,,,,,40.743414090073536,-73.95386782130745,11101.0,24,171.70833333333334,4.163398692810458,1.7391304347826086,0.0,0.0,0.0,0.0,0.0,0.0,9.30232558139535,103.0,1.0,0,0,0,2,2
Manhattan,Turtle Bay,40.75204236950722,-73.96770824581834,,,,,,,,40.75204236950722,-73.96770824581834,10022.0,62,781.2104540007207,4.20809614168248,2.3389830508474576,48635.0,14.0,14.0,13.0,5.0,0.0,0.0,217.0,1.0,1,0,0,0,0
Manhattan,Tudor City,40.7469174107402,-73.97121928722265,,,,,,,,40.7469174107402,-73.97121928722265,10017.0,48,1771.575439896875,4.253186274509805,2.340909090909091,31858.0,4.0,15.0,10.0,6.0,0.0,10.628712871287128,41.0,1.0,1,0,0,0,0
Manhattan,Stuyvesant Town,40.73099955477061,-73.97405170469203,2250.0,1600.0,4100.0,,,,,40.73099955477061,-73.97405170469203,10009.0,57,562.9855657862116,4.236016511867906,1.8545454545454545,33231.0,14.0,21.0,27.0,9.0,0.0,11.79310344827586,159.0,1.0,1,0,0,0,0
Manhattan,Flatiron,40.739673047638426,-73.9909471052826,,,,,,,,40.739673047638426,-73.9909471052826,10011.0,62,598.5072390582999,4.278273244781784,2.3833333333333333,63300.0,28.0,13.0,18.0,8.0,0.0,10.160098522167488,730.0,1.0,1,4,0,0,0
Queens,Sunnyside Gardens,40.74565180608076,-73.91819286431682,,,,,,,,40.74565180608076,-73.91819286431682,11104.0,61,542.0210834221142,4.174606235936998,1.6,16054.0,9.0,6.0,20.0,9.0,0.0045871559633027,11.288990825688073,16.0,1.0,0,0,0,0,2
Queens,Blissville,40.73725071694497,-73.93244235260178,,,2000.0,,,,,40.73725071694497,-73.93244235260178,11101.0,25,726.8,3.399077277970012,1.4166666666666667,0.0,0.0,0.0,1.0,0.0,0.0069930069930069,14.664335664335663,0.0,0.0,0,3,0,2,2
Brooklyn,Fulton Ferry,40.70328109093014,-73.99550751888415,,,,,,,,40.70328109093014,-73.99550751888415,11201.0,25,396.68,4.303529411764707,1.7916666666666667,0.0,0.0,0.0,0.0,0.0,0.0,14.657894736842104,0.0,0.0,1,1,0,2,1
Brooklyn,Vinegar Hill,40.70332149882874,-73.98111603592393,,1500.0,4500.0,,,,,40.70332149882874,-73.98111603592393,11201.0,25,604.36,4.171764705882354,1.4782608695652173,0.0,0.0,0.0,0.0,0.0,0.0,14.92753623188406,80.0,1.0,1,0,0,2,1
Brooklyn,Weeksville,40.67503986503237,-73.93053108817338,,,,,,,,40.67503986503237,-73.93053108817338,11233.0,53,635.0616352901898,3.868584825234442,1.511111111111111,12463.0,27.0,28.0,17.0,8.0,0.0076670317634173,14.670317634173056,1.0,1.0,1,0,0,2,0
Brooklyn,Broadway Junction,40.67786104769531,-73.90331684852599,,,,,,,,40.67786104769531,-73.90331684852599,11207.0,25,687.32,2.751633986928105,1.2857142857142858,0.0,0.0,0.0,0.0,0.0,0.0536585365853658,8.682926829268293,10.0,1.0,1,0,0,3,1
Brooklyn,Dumbo,40.70317632822692,-73.9887528074504,1313.0,1650.0,5620.0,3189.0,4132.0,6086.0,9144.0,40.70317632822692,-73.9887528074504,11201.0,122,631.3622797786946,4.08664722087182,1.9391304347826088,74115.0,47.0,47.0,62.0,13.0,0.0047846889952153,14.5933014354067,102.0,1.0,1,0,0,0,0
Staten Island,Manor Heights,40.60180957631444,-74.12059399718001,,,1450.0,,,,,40.60180957631444,-74.12059399718001,10314.0,20,574.5,3.379084967320261,1.4,0.0,0.0,0.0,0.0,0.0,0.0,23.166666666666668,0.0,0.0,0,3,1,1,2
Staten Island,Willowbrook,40.60370692627371,-74.13208447484298,,1500.0,1550.0,,,,,40.60370692627371,-74.13208447484298,10314.0,200,730.1247665873713,3.6546781756180735,1.6934306569343065,35516.0,94.0,24.0,136.0,8.0,0.0,12.912087912087912,0.0,0.0,0,2,1,0,0
Staten Island,Sandy Ground,40.541139922091766,-74.21776636068567,,,,,,,,40.541139922091766,-74.21776636068567,10309.0,11,910.818181818182,2.915966386554622,1.2222222222222223,0.0,0.0,0.0,0.0,0.0,0.0,16.555555555555557,0.0,0.0,0,3,1,1,2
Staten Island,Egbertville,40.579118742961214,-74.12727240604946,,,,,,,,40.579118742961214,-74.12727240604946,10306.0,9,634.7777777777778,2.7647058823529416,1.25,0.0,0.0,0.0,0.0,0.0,0.0,16.23076923076923,0.0,0.0,0,3,1,1,2
Queens,Roxbury,40.56737588957032,-73.89213760232822,,,,,,,,40.56737588957032,-73.89213760232822,11697.0,9,383.7244667077369,4.116666666666666,1.75,904.0,2.0,5.0,3.0,1.0,0.0,77.0,0.0,0.0,0,3,0,1,2
Brooklyn,Homecrest,40.598525095137255,-73.95918459428702,,,,,,,,40.598525095137255,-73.95918459428702,11229.0,25,394.44,2.7821350762527235,1.5909090909090908,0.0,0.0,0.0,0.0,0.0,0.009090909090909,10.654545454545454,1.0,1.0,1,0,0,2,1
Queens,Middle Village,40.716414511158185,-73.88114319200604,1675.0,1800.0,2100.0,,,,,40.716414511158185,-73.88114319200604,11379.0,47,611.3130610708541,3.8105212816834055,1.4651162790697674,9186.0,20.0,6.0,18.0,3.0,0.0084745762711864,11.016949152542374,1.0,1.0,0,0,0,2,2
Staten Island,Prince's Bay,40.52626406734812,-74.20152556457658,,,,,,,,40.52626406734812,-74.20152556457658,10312.0,91,347.037983968778,3.5850433196534426,1.5857142857142856,13935.0,39.0,17.0,70.0,2.0,0.0,29.06451612903226,0.0,0.0,0,2,1,1,2
Staten Island,Lighthouse Hill,40.57650629379489,-74.13792663771568,,,,,,,,40.57650629379489,-74.13792663771568,10306.0,132,762.6318437999003,3.757765328353564,1.7065217391304348,26044.0,54.0,21.0,125.0,4.0,0.0,25.6,0.0,0.0,0,2,1,0,0
Staten Island,Richmond Valley,40.51954145748909,-74.22957080626941,,,,,,,,40.51954145748909,-74.22957080626941,10309.0,101,637.127779166676,3.746132299073475,1.6835443037974684,17087.0,25.0,25.0,80.0,3.0,0.0,12.071428571428571,0.0,0.0,0,2,1,0,0
Queens,Malba,40.79060155670148,-73.82667757138641,,,,,,,,40.79060155670148,-73.82667757138641,11357.0,71,721.961640094415,3.859048537447766,1.6363636363636365,9295.0,38.0,11.0,44.0,5.0,0.0,14.578947368421051,0.0,0.0,0,3,0,0,0
Brooklyn,Highland Park,40.6819989345173,-73.890345709872,,,,,,,,40.6819989345173,-73.890345709872,11207.0,95,701.6825515063279,3.631943410275503,1.380281690140845,20237.0,37.0,42.0,39.0,18.0,0.0,14.167721518987342,0.0,0.0,1,1,0,0,0
Brooklyn,Madison,40.60937770113766,-73.94841515328893,,,,,,,,40.60937770113766,-73.94841515328893,11229.0,89,704.9902235239967,3.79309905780494,1.5128205128205128,18620.0,33.0,9.0,24.0,17.0,0.0138888888888888,12.09722222222222,0.0,0.0,1,1,0,0,0
Bronx,Bronxdale,40.85272297633017,-73.86172577555115,,,,,,,,40.85272297633017,-73.86172577555115,10462.0,88,638.5297126161207,3.696934865900383,1.524390243902439,28909.0,30.0,16.0,35.0,23.0,0.0055096418732782,6.112947658402204,0.0,0.0,1,1,0,0,0
Bronx,Allerton,40.86578787802982,-73.85931863221647,1850.0,1400.0,1800.0,,,,,40.86578787802982,-73.85931863221647,10467.0,82,515.2963233685742,3.6818494965553774,1.21875,12077.0,35.0,24.0,32.0,18.0,0.0019723865877712,8.936883629191321,0.0,0.0,1,1,0,2,0
Bronx,Kingsbridge Heights,40.8703923914147,-73.90152264513144,,,,,,,,40.8703923914147,-73.90152264513144,10468.0,58,589.6386867018618,3.667201426024956,1.3076923076923077,16803.0,26.0,18.0,20.0,12.0,0.0074626865671641,7.308102345415778,0.0,0.0,1,1,0,2,0
Brooklyn,Erasmus,40.64692606658579,-73.94817709920184,,,,,,,,40.64692606658579,-73.94817709920184,11226.0,77,585.5142995419758,3.845854341736695,1.523076923076923,17867.0,30.0,10.0,47.0,18.0,0.0122324159021406,11.276758409785932,2.0,1.0,1,0,0,0,0
Manhattan,Hudson Yards,40.75665808227519,-74.00011136202637,,,,,,,,40.75665808227519,-74.00011136202637,10001.0,62,1964.460545071522,4.201138519924099,1.915254237288136,62690.0,28.0,28.0,29.0,4.0,0.0,12.623655913978494,26.0,1.0,1,0,0,0,0
Queens,Hammels,40.58733774018741,-73.80553002968718,,,,,,,,40.58733774018741,-73.80553002968718,11693.0,58,631.0650830456578,3.894376618571957,1.4081632653061225,9496.0,11.0,17.0,18.0,2.0,0.0,20.12903225806452,1.0,1.0,0,0,0,1,2
Queens,Bayswater,40.61132169128384,-73.76596781445627,,,,,,,,40.61132169128384,-73.76596781445627,11691.0,48,530.5107164222989,3.6159477124183006,1.1538461538461535,5916.0,32.0,18.0,30.0,10.0,0.0,8.9,0.0,0.0,0,3,0,2,0
Queens,Queensbridge,40.75609129709471,-73.94563070334091,,,,,,,,40.75609129709471,-73.94563070334091,11101.0,101,860.3616299776282,4.0248366013071895,1.8522727272727275,41362.0,48.0,36.0,63.0,9.0,0.0434782608695652,6.434782608695652,1.0,1.0,0,2,0,3,0
Staten Island,Fox Hills,40.61731079252983,-74.08173992211962,,,5595.0,,,,,40.61731079252983,-74.08173992211962,10304.0,94,699.1839141392734,3.860477202929365,1.631578947368421,12823.0,41.0,20.0,80.0,6.0,0.0061349693251533,12.63803680981595,0.0,0.0,0,2,1,0,0
