Borough,Neighbourhood,Latitude,Longitude,ll,Zipcode,ll_round
Bronx,Wakefield,40.89470517661,-73.84720052054902,"40.89470517661,-73.84720052054902",10466.0,"40.895,-73.847"
Bronx,Co-op City,40.87429419303012,-73.82993910812398,"40.87429419303012,-73.82993910812398",10475.0,"40.874,-73.83"
Bronx,Eastchester,40.887555677350775,-73.82780644716412,"40.887555677350775,-73.82780644716412",10466.0,"40.888,-73.828"
Bronx,Fieldston,40.89543742690383,-73.90564259591682,"40.89543742690383,-73.90564259591682",10471.0,"40.895,-73.906"
Bronx,Riverdale,40.890834493891305,-73.9125854610857,"40.890834493891305,-73.9125854610857",10463.0,"40.891,-73.913"
Bronx,Kingsbridge,40.88168737120521,-73.90281798724604,"40.88168737120521,-73.90281798724604",10463.0,"40.882,-73.903"
Manhattan,Marble Hill,40.87655077879964,-73.91065965862981,"40.87655077879964,-73.91065965862981",10034.0,"40.877,-73.911"
Bronx,Woodlawn,40.89827261213805,-73.86731496814176,"40.89827261213805,-73.86731496814176",10466.0,"40.898,-73.867"
Bronx,Norwood,40.87722415599446,-73.8793907395681,"40.87722415599446,-73.8793907395681",10458.0,"40.877,-73.879"
Bronx,Williamsbridge,40.88103887819211,-73.85744642974207,"40.88103887819211,-73.85744642974207",10467.0,"40.881,-73.857"
Bronx,Baychester,40.866858107252696,-73.83579759808117,"40.866858107252696,-73.83579759808117",10475.0,"40.867,-73.836"
Bronx,Pelham Parkway,40.85741349808865,-73.85475564017999,"40.85741349808865,-73.85475564017999",10461.0,"40.857,-73.855"
Bronx,City Island,40.84724670491813,-73.78648845267413,"40.84724670491813,-73.78648845267413",10464.0,"40.847,-73.786"
Bronx,Bedford Park,40.870185164975325,-73.8855121841913,"40.870185164975325,-73.8855121841913",10467.0,"40.87,-73.886"
Bronx,University Heights,40.85572707719664,-73.9104159619131,"40.85572707719664,-73.9104159619131",10453.0,"40.856,-73.91"
Bronx,Morris Heights,40.84789792606271,-73.91967159119565,"40.84789792606271,-73.91967159119565",10453.0,"40.848,-73.92"
Bronx,Fordham,40.86099679638654,-73.89642655981623,"40.86099679638654,-73.89642655981623",10468.0,"40.861,-73.896"
Bronx,East Tremont,40.84269615786053,-73.88735617532338,"40.84269615786053,-73.88735617532338",10457.0,"40.843,-73.887"
Bronx,West Farms,40.83947505672653,-73.87774474910545,"40.83947505672653,-73.87774474910545",10460.0,"40.839,-73.878"
Bronx,High  Bridge,40.836623010706056,-73.9261020935813,"40.836623010706056,-73.9261020935813",10452.0,"40.837,-73.926"
Bronx,Melrose,40.819754370594936,-73.90942160757436,"40.819754370594936,-73.90942160757436",10455.0,"40.82,-73.909"
Bronx,Mott Haven,40.80623874935177,-73.91609987487575,"40.80623874935177,-73.91609987487575",10454.0,"40.806,-73.916"
Bronx,Port Morris,40.801663627756206,-73.91322139386135,"40.801663627756206,-73.91322139386135",10454.0,"40.802,-73.913"
Bronx,Longwood,40.81509904545822,-73.8957882009446,"40.81509904545822,-73.8957882009446",10459.0,"40.815,-73.896"
Bronx,Hunts Point,40.80972987938709,-73.88331505955291,"40.80972987938709,-73.88331505955291",10474.0,"40.81,-73.883"
Bronx,Morrisania,40.82359198585534,-73.90150648943059,"40.82359198585534,-73.90150648943059",10459.0,"40.824,-73.902"
Bronx,Soundview,40.821012197914015,-73.86574609554924,"40.821012197914015,-73.86574609554924",10473.0,"40.821,-73.866"
Bronx,Clason Point,40.80655112003589,-73.85414416189266,"40.80655112003589,-73.85414416189266",10473.0,"40.807,-73.854"
Bronx,Throgs Neck,40.81510925804005,-73.81635002158441,"40.81510925804005,-73.81635002158441",10465.0,"40.815,-73.816"
Bronx,Country Club,40.844245936947374,-73.8240992675385,"40.844245936947374,-73.8240992675385",10461.0,"40.844,-73.824"
Bronx,Parkchester,40.837937822267286,-73.85600310535783,"40.837937822267286,-73.85600310535783",10462.0,"40.838,-73.856"
Bronx,Westchester Square,40.8406194964327,-73.84219407604444,"40.8406194964327,-73.84219407604444",10461.0,"40.841,-73.842"
Bronx,Van Nest,40.84360847124718,-73.8662991807561,"40.84360847124718,-73.8662991807561",10460.0,"40.844,-73.866"
Bronx,Morris Park,40.847549063536334,-73.85040178030421,"40.847549063536334,-73.85040178030421",10461.0,"40.848,-73.85"
Bronx,Belmont,40.85727710073895,-73.88845196134804,"40.85727710073895,-73.88845196134804",10458.0,"40.857,-73.888"
Bronx,Spuyten Duyvil,40.88139497727086,-73.91719048210393,"40.88139497727086,-73.91719048210393",10463.0,"40.881,-73.917"
Bronx,North Riverdale,40.90854282950666,-73.90453054908927,"40.90854282950666,-73.90453054908927",10471.0,"40.909,-73.905"
Bronx,Pelham Bay,40.85064140940335,-73.8320737824047,"40.85064140940335,-73.8320737824047",10461.0,"40.851,-73.832"
Bronx,Schuylerville,40.82657951686922,-73.82620275994073,"40.82657951686922,-73.82620275994073",10465.0,"40.827,-73.826"
Bronx,Edgewater Park,40.82198611816349,-73.81388514428619,"40.82198611816349,-73.81388514428619",10465.0,"40.822,-73.814"
Bronx,Castle Hill,40.81901437698832,-73.84802729582735,"40.81901437698832,-73.84802729582735",10473.0,"40.819,-73.848"
Bronx,Olinville,40.87137078192371,-73.86332361652777,"40.87137078192371,-73.86332361652777",10467.0,"40.871,-73.863"
Bronx,Pelham Gardens,40.86296562477998,-73.84161194831223,"40.86296562477998,-73.84161194831223",10469.0,"40.863,-73.842"
Bronx,Concourse,40.83428380733851,-73.91558941773444,"40.83428380733851,-73.91558941773444",10452.0,"40.834,-73.916"
Bronx,Unionport,40.82977429787161,-73.85053524451935,"40.82977429787161,-73.85053524451935",10472.0,"40.83,-73.851"
Bronx,Edenwald,40.88456130303732,-73.84808271877168,"40.88456130303732,-73.84808271877168",10469.0,"40.885,-73.848"
Brooklyn,Bay Ridge,40.625801065010656,-74.03062069353813,"40.625801065010656,-74.03062069353813",11209.0,"40.626,-74.031"
Brooklyn,Bensonhurst,40.61100890202044,-73.99517998380729,"40.61100890202044,-73.99517998380729",11214.0,"40.611,-73.995"
Brooklyn,Sunset Park,40.64510294925429,-74.01031618527784,"40.64510294925429,-74.01031618527784",11220.0,"40.645,-74.01"
Brooklyn,Greenpoint,40.7302009848647,-73.95424093127393,"40.7302009848647,-73.95424093127393",11222.0,"40.73,-73.954"
Brooklyn,Gravesend,40.59526001306593,-73.97347087708445,"40.59526001306593,-73.97347087708445",11223.0,"40.595,-73.973"
Brooklyn,Brighton Beach,40.57682506566604,-73.96509448785336,"40.57682506566604,-73.96509448785336",11235.0,"40.577,-73.965"
Brooklyn,Sheepshead Bay,40.58689012678384,-73.94318640482979,"40.58689012678384,-73.94318640482979",11235.0,"40.587,-73.943"
Brooklyn,Manhattan Terrace,40.61443251335098,-73.95743840559939,"40.61443251335098,-73.95743840559939",11230.0,"40.614,-73.957"
Brooklyn,Flatbush,40.63632589026677,-73.95840106533903,"40.63632589026677,-73.95840106533903",11218.0,"40.636,-73.958"
Brooklyn,Crown Heights,40.67082917695294,-73.94329119073582,"40.67082917695294,-73.94329119073582",11225.0,"40.671,-73.943"
Brooklyn,East Flatbush,40.64171776668961,-73.93610256185836,"40.64171776668961,-73.93610256185836",11203.0,"40.642,-73.936"
Brooklyn,Kensington,40.642381958003526,-73.98042110559474,"40.642381958003526,-73.98042110559474",11218.0,"40.642,-73.98"
Brooklyn,Windsor Terrace,40.65694583575104,-73.98007340430172,"40.65694583575104,-73.98007340430172",11218.0,"40.657,-73.98"
Brooklyn,Prospect Heights,40.67682226225472,-73.9648592426269,"40.67682226225472,-73.9648592426269",11238.0,"40.677,-73.965"
Brooklyn,Brownsville,40.66394994339755,-73.91023536176607,"40.66394994339755,-73.91023536176607",11212.0,"40.664,-73.91"
Brooklyn,Williamsburg,40.70714439344251,-73.95811529220927,"40.70714439344251,-73.95811529220927",11211.0,"40.707,-73.958"
Brooklyn,Bushwick,40.69811611017901,-73.92525797487045,"40.69811611017901,-73.92525797487045",11221.0,"40.698,-73.925"
Brooklyn,Bedford Stuyvesant,40.687231607720456,-73.94178488690297,"40.687231607720456,-73.94178488690297",11216.0,"40.687,-73.942"
Brooklyn,Brooklyn Heights,40.69586372272408,-73.99378225496424,"40.69586372272408,-73.99378225496424",11201.0,"40.696,-73.994"
Brooklyn,Cobble Hill,40.68791972248557,-73.99856139218463,"40.68791972248557,-73.99856139218463",11201.0,"40.688,-73.999"
Brooklyn,Carroll Gardens,40.680540231076485,-73.99465372828006,"40.680540231076485,-73.99465372828006",11201.0,"40.681,-73.995"
Brooklyn,Red Hook,40.676253230250886,-74.0127589747356,"40.676253230250886,-74.0127589747356",11231.0,"40.676,-74.013"
Brooklyn,Gowanus,40.673931143187154,-73.99444087145339,"40.673931143187154,-73.99444087145339",11215.0,"40.674,-73.994"
Brooklyn,Fort Greene,40.68852726018977,-73.97290574369092,"40.68852726018977,-73.97290574369092",11205.0,"40.689,-73.973"
Brooklyn,Park Slope,40.67232052268197,-73.97705030183924,"40.67232052268197,-73.97705030183924",11215.0,"40.672,-73.977"
Brooklyn,Cypress Hills,40.68239101144211,-73.87661596457296,"40.68239101144211,-73.87661596457296",11208.0,"40.682,-73.877"
Brooklyn,East New York,40.669925700847045,-73.88069863917366,"40.669925700847045,-73.88069863917366",11207.0,"40.67,-73.881"
Brooklyn,Starrett City,40.64758905230874,-73.87936970045875,"40.64758905230874,-73.87936970045875",11207.0,"40.648,-73.879"
Brooklyn,Canarsie,40.63556432797428,-73.90209269778966,"40.63556432797428,-73.90209269778966",11236.0,"40.636,-73.902"
Brooklyn,Flatlands,40.630446043757466,-73.92911302644674,"40.630446043757466,-73.92911302644674",11236.0,"40.63,-73.929"
Brooklyn,Mill Island,40.606336421685626,-73.90818571777423,"40.606336421685626,-73.90818571777423",11234.0,"40.606,-73.908"
Brooklyn,Manhattan Beach,40.57791350308657,-73.94353722891886,"40.57791350308657,-73.94353722891886",11235.0,"40.578,-73.944"
Brooklyn,Coney Island,40.57429256471601,-73.98868295821637,"40.57429256471601,-73.98868295821637",11224.0,"40.574,-73.989"
Brooklyn,Bath Beach,40.59951870282238,-73.99875221443519,"40.59951870282238,-73.99875221443519",11214.0,"40.6,-73.999"
Brooklyn,Borough Park,40.633130512758015,-73.99049823044811,"40.633130512758015,-73.99049823044811",11219.0,"40.633,-73.99"
Brooklyn,Dyker Heights,40.61921945772264,-74.01931375636022,"40.61921945772264,-74.01931375636022",11209.0,"40.619,-74.019"
Brooklyn,Gerritsen Beach,40.590848433902046,-73.93010170691196,"40.590848433902046,-73.93010170691196",11235.0,"40.591,-73.93"
Brooklyn,Marine Park,40.609747779894604,-73.93134404108497,"40.609747779894604,-73.93134404108497",11234.0,"40.61,-73.931"
Brooklyn,Clinton Hill,40.693229421881504,-73.96784306216367,"40.693229421881504,-73.96784306216367",11238.0,"40.693,-73.968"
Brooklyn,Sea Gate,40.57637537890224,-74.0078731120024,"40.57637537890224,-74.0078731120024",11224.0,"40.576,-74.008"
Brooklyn,Downtown,40.69084402109802,-73.98346337431099,"40.69084402109802,-73.98346337431099",11201.0,"40.691,-73.983"
Brooklyn,Boerum Hill,40.68568291209144,-73.98374824115798,"40.68568291209144,-73.98374824115798",11217.0,"40.686,-73.984"
Brooklyn,Prospect Lefferts Gardens,40.658420017469815,-73.95489867077713,"40.658420017469815,-73.95489867077713",11225.0,"40.658,-73.955"
Brooklyn,Ocean Hill,40.67840255479536,-73.91306831787395,"40.67840255479536,-73.91306831787395",11233.0,"40.678,-73.913"
Brooklyn,City Line,40.67856995727479,-73.86797598081334,"40.67856995727479,-73.86797598081334",11416.0,"40.679,-73.868"
Brooklyn,Bergen Beach,40.61514955045308,-73.89855633630317,"40.61514955045308,-73.89855633630317",11234.0,"40.615,-73.899"
Brooklyn,Midwood,40.62559589869843,-73.95759523489838,"40.62559589869843,-73.95759523489838",11230.0,"40.626,-73.958"
Brooklyn,Prospect Park South,40.64700860318519,-73.96261316716048,"40.64700860318519,-73.96261316716048",11218.0,"40.647,-73.963"
Brooklyn,Georgetown,40.62384524478419,-73.91607483951324,"40.62384524478419,-73.91607483951324",11234.0,"40.624,-73.916"
Brooklyn,East Williamsburg,40.70849241041548,-73.93885815269195,"40.70849241041548,-73.93885815269195",11206.0,"40.708,-73.939"
Brooklyn,North Side,40.714822906532014,-73.95880857587582,"40.714822906532014,-73.95880857587582",11211.0,"40.715,-73.959"
Brooklyn,South Side,40.71086147265064,-73.95800095153331,"40.71086147265064,-73.95800095153331",11249.0,"40.711,-73.958"
Brooklyn,Ocean Parkway,40.61305976667942,-73.96836678035541,"40.61305976667942,-73.96836678035541",11230.0,"40.613,-73.968"
Brooklyn,Fort Hamilton,40.61476812694226,-74.03197914537984,"40.61476812694226,-74.03197914537984",11209.0,"40.615,-74.032"
Manhattan,Chinatown,40.71561842231432,-73.99427936255978,"40.71561842231432,-73.99427936255978",10002.0,"40.716,-73.994"
Manhattan,Washington Heights,40.85190252555305,-73.93690027985234,"40.85190252555305,-73.93690027985234",10032.0,"40.852,-73.937"
Manhattan,Inwood,40.86768396449915,-73.92121042203897,"40.86768396449915,-73.92121042203897",10034.0,"40.868,-73.921"
Manhattan,Hamilton Heights,40.823604284811935,-73.94968791883366,"40.823604284811935,-73.94968791883366",10039.0,"40.824,-73.95"
Manhattan,Manhattanville,40.8169344294978,-73.9573853935188,"40.8169344294978,-73.9573853935188",10031.0,"40.817,-73.957"
Manhattan,Central Harlem,40.81597606742414,-73.94321112603905,"40.81597606742414,-73.94321112603905",10030.0,"40.816,-73.943"
Manhattan,East Harlem,40.79224946663033,-73.94418223148524,"40.79224946663033,-73.94418223148524",10035.0,"40.792,-73.944"
Manhattan,Upper East Side,40.775638573301805,-73.96050763135,"40.775638573301805,-73.96050763135",10028.0,"40.776,-73.961"
Manhattan,Yorkville,40.77592984988488,-73.94711784471826,"40.77592984988488,-73.94711784471826",10075.0,"40.776,-73.947"
Manhattan,Lenox Hill,40.76811265828733,-73.9588596881376,"40.76811265828733,-73.9588596881376",10075.0,"40.768,-73.959"
Manhattan,Roosevelt Island,40.76215960576283,-73.94916769227953,"40.76215960576283,-73.94916769227953",11106.0,"40.762,-73.949"
Manhattan,Upper West Side,40.78765799853485,-73.97705923630603,"40.78765799853485,-73.97705923630603",10024.0,"40.788,-73.977"
Manhattan,Lincoln Square,40.77352888942166,-73.98533777001262,"40.77352888942166,-73.98533777001262",10023.0,"40.774,-73.985"
Manhattan,Clinton,40.75910089146212,-73.99611936309479,"40.75910089146212,-73.99611936309479",10018.0,"40.759,-73.996"
Manhattan,Midtown,40.75469110270623,-73.98166882730304,"40.75469110270623,-73.98166882730304",10017.0,"40.755,-73.982"
Manhattan,Murray Hill,40.748303077252174,-73.97833207924127,"40.748303077252174,-73.97833207924127",10016.0,"40.748,-73.978"
Manhattan,Chelsea,40.744034706747975,-74.00311633472813,"40.744034706747975,-74.00311633472813",10014.0,"40.744,-74.003"
Manhattan,Greenwich Village,40.72693288536128,-73.99991402945902,"40.72693288536128,-73.99991402945902",10003.0,"40.727,-74.0"
Manhattan,East Village,40.72784677727024,-73.98222616506416,"40.72784677727024,-73.98222616506416",10009.0,"40.728,-73.982"
Manhattan,Lower East Side,40.71780674892765,-73.98089031999291,"40.71780674892765,-73.98089031999291",10002.0,"40.718,-73.981"
Manhattan,Tribeca,40.721521967443216,-74.01068328559087,"40.721521967443216,-74.01068328559087",10012.0,"40.722,-74.011"
Manhattan,Little Italy,40.71932379395907,-73.99730467208073,"40.71932379395907,-73.99730467208073",10013.0,"40.719,-73.997"
Manhattan,Soho,40.72218384131794,-74.00065666959759,"40.72218384131794,-74.00065666959759",10012.0,"40.722,-74.001"
Manhattan,West Village,40.73443393572434,-74.00617998126812,"40.73443393572434,-74.00617998126812",10014.0,"40.734,-74.006"
Manhattan,Manhattan Valley,40.79730704170287,-73.96428617740655,"40.79730704170287,-73.96428617740655",10025.0,"40.797,-73.964"
Manhattan,Morningside Heights,40.80799973816583,-73.96389627905332,"40.80799973816583,-73.96389627905332",10027.0,"40.808,-73.964"
Manhattan,Gramercy,40.737209832715,-73.98137594833541,"40.737209832715,-73.98137594833541",10010.0,"40.737,-73.981"
Manhattan,Battery Park City,40.71193198394565,-74.01686930508617,"40.71193198394565,-74.01686930508617",10013.0,"40.712,-74.017"
Manhattan,Financial District,40.70710710727048,-74.0106654452127,"40.70710710727048,-74.0106654452127",10038.0,"40.707,-74.011"
Queens,Astoria,40.76850859335492,-73.91565374304234,"40.76850859335492,-73.91565374304234",11105.0,"40.769,-73.916"
Queens,Woodside,40.74634908860222,-73.90184166838284,"40.74634908860222,-73.90184166838284",11372.0,"40.746,-73.902"
Queens,Jackson Heights,40.75198138007367,-73.88282109164365,"40.75198138007367,-73.88282109164365",11372.0,"40.752,-73.883"
Queens,Elmhurst,40.74404850512202,-73.88165622288388,"40.74404850512202,-73.88165622288388",11373.0,"40.744,-73.882"
Queens,Howard Beach,40.65422527738487,-73.8381376460028,"40.65422527738487,-73.8381376460028",11414.0,"40.654,-73.838"
Queens,Corona,40.74238175015667,-73.85682497345258,"40.74238175015667,-73.85682497345258",11373.0,"40.742,-73.857"
Queens,Forest Hills,40.72526378216503,-73.84447500788983,"40.72526378216503,-73.84447500788983",11375.0,"40.725,-73.844"
Queens,Kew Gardens,40.7051790354148,-73.82981905825703,"40.7051790354148,-73.82981905825703",11415.0,"40.705,-73.83"
Queens,Richmond Hill,40.69794731471763,-73.83183321446887,"40.69794731471763,-73.83183321446887",11418.0,"40.698,-73.832"
Queens,Flushing,40.76445419697846,-73.83177300329582,"40.76445419697846,-73.83177300329582",11354.0,"40.764,-73.832"
Queens,Long Island City,40.75021734610528,-73.93920223915505,"40.75021734610528,-73.93920223915505",11101.0,"40.75,-73.939"
Queens,Sunnyside,40.74017628351924,-73.92691617561577,"40.74017628351924,-73.92691617561577",11104.0,"40.74,-73.927"
Queens,East Elmhurst,40.76407323883091,-73.86704147658772,"40.76407323883091,-73.86704147658772",11368.0,"40.764,-73.867"
Queens,Maspeth,40.725427374093606,-73.89621713626859,"40.725427374093606,-73.89621713626859",11378.0,"40.725,-73.896"
Queens,Ridgewood,40.70832315613858,-73.90143517559589,"40.70832315613858,-73.90143517559589",11385.0,"40.708,-73.901"
Queens,Glendale,40.70276242967838,-73.87074167435605,"40.70276242967838,-73.87074167435605",11385.0,"40.703,-73.871"
Queens,Rego Park,40.72897409480735,-73.8578268690537,"40.72897409480735,-73.8578268690537",11375.0,"40.729,-73.858"
Queens,Woodhaven,40.68988687915789,-73.8581104655432,"40.68988687915789,-73.8581104655432",11421.0,"40.69,-73.858"
Queens,Ozone Park,40.680708468265415,-73.84320266173447,"40.680708468265415,-73.84320266173447",11417.0,"40.681,-73.843"
Queens,South Ozone Park,40.66854957767195,-73.80986478649041,"40.66854957767195,-73.80986478649041",11420.0,"40.669,-73.81"
Queens,College Point,40.784902749260205,-73.84304528896125,"40.784902749260205,-73.84304528896125",11356.0,"40.785,-73.843"
Queens,Whitestone,40.78129076602694,-73.81420216610863,"40.78129076602694,-73.81420216610863",11357.0,"40.781,-73.814"
Queens,Bayside,40.76604063281064,-73.7742736306867,"40.76604063281064,-73.7742736306867",11361.0,"40.766,-73.774"
Queens,Auburndale,40.76172954903262,-73.79176243728061,"40.76172954903262,-73.79176243728061",11358.0,"40.762,-73.792"
Queens,Little Neck,40.7708261928267,-73.7388977558074,"40.7708261928267,-73.7388977558074",11362.0,"40.771,-73.739"
Queens,Douglaston,40.76684609790763,-73.7424982072733,"40.76684609790763,-73.7424982072733",11362.0,"40.767,-73.742"
Queens,Glen Oaks,40.74944079974332,-73.71548118999145,"40.74944079974332,-73.71548118999145",11004.0,"40.749,-73.715"
Queens,Bellerose,40.72857318176675,-73.72012814826903,"40.72857318176675,-73.72012814826903",11426.0,"40.729,-73.72"
Queens,Kew Gardens Hills,40.722578244228046,-73.82087764933566,"40.722578244228046,-73.82087764933566",11367.0,"40.723,-73.821"
Queens,Fresh Meadows,40.7343944653313,-73.78271337003264,"40.7343944653313,-73.78271337003264",11366.0,"40.734,-73.783"
Queens,Briarwood,40.71093547252271,-73.81174822458634,"40.71093547252271,-73.81174822458634",11435.0,"40.711,-73.812"
Queens,Jamaica Center,40.70465736068717,-73.79690165888289,"40.70465736068717,-73.79690165888289",11432.0,"40.705,-73.797"
Queens,Oakland Gardens,40.74561857141855,-73.75494976234332,"40.74561857141855,-73.75494976234332",11364.0,"40.746,-73.755"
Queens,Queens Village,40.71889309216736,-73.73871484578424,"40.71889309216736,-73.73871484578424",11429.0,"40.719,-73.739"
Queens,Hollis,40.71124344191904,-73.75925009335594,"40.71124344191904,-73.75925009335594",11423.0,"40.711,-73.759"
Queens,South Jamaica,40.696911253789885,-73.7904261313554,"40.696911253789885,-73.7904261313554",11432.0,"40.697,-73.79"
Queens,St. Albans,40.69444538522359,-73.75867603727717,"40.69444538522359,-73.75867603727717",11412.0,"40.694,-73.759"
Queens,Rochdale,40.67521139591733,-73.77258787620906,"40.67521139591733,-73.77258787620906",11434.0,"40.675,-73.773"
Queens,Springfield Gardens,40.66623049036858,-73.76042092682287,"40.66623049036858,-73.76042092682287",11434.0,"40.666,-73.76"
Queens,Cambria Heights,40.692774639160845,-73.73526873708026,"40.692774639160845,-73.73526873708026",11411.0,"40.693,-73.735"
Queens,Rosedale,40.65981643342808,-73.73526079428278,"40.65981643342808,-73.73526079428278",11422.0,"40.66,-73.735"
Queens,Far Rockaway,40.603134432500894,-73.75497968043872,"40.603134432500894,-73.75497968043872",11691.0,"40.603,-73.755"
Queens,Broad Channel,40.60302658351238,-73.8200548911032,"40.60302658351238,-73.8200548911032",11693.0,"40.603,-73.82"
Queens,Breezy Point,40.55740128845452,-73.92551196994168,"40.55740128845452,-73.92551196994168",11697.0,"40.557,-73.926"
Queens,Steinway,40.775923015642896,-73.90228960391673,"40.775923015642896,-73.90228960391673",11105.0,"40.776,-73.902"
Queens,Beechhurst,40.79278140360048,-73.80436451720988,"40.79278140360048,-73.80436451720988",11357.0,"40.793,-73.804"
Queens,Bay Terrace,40.782842806245554,-73.7768022262158,"40.782842806245554,-73.7768022262158",11360.0,"40.783,-73.777"
Queens,Edgemere,40.595641807368494,-73.77613282391705,"40.595641807368494,-73.77613282391705",11691.0,"40.596,-73.776"
Queens,Arverne,40.58914394372971,-73.79199233136943,"40.58914394372971,-73.79199233136943",11692.0,"40.589,-73.792"
Queens,Rockaway Beach,40.58280169684559,-73.82236121088751,"40.58280169684559,-73.82236121088751",11694.0,"40.583,-73.822"
Queens,Neponsit,40.572036730217015,-73.85754672410827,"40.572036730217015,-73.85754672410827",11694.0,"40.572,-73.858"
Queens,Murray Hill,40.76412612261407,-73.81276269135866,"40.76412612261407,-73.81276269135866",11358.0,"40.764,-73.813"
Queens,Floral Park,40.74137842194544,-73.70884705889246,"40.74137842194544,-73.70884705889246",11004.0,"40.741,-73.709"
Queens,Holliswood,40.7209572076444,-73.76714166714729,"40.7209572076444,-73.76714166714729",11427.0,"40.721,-73.767"
Queens,Jamaica Estates,40.71680483014613,-73.7872269693666,"40.71680483014613,-73.7872269693666",11432.0,"40.717,-73.787"
Queens,Queensboro Hill,40.7445723092867,-73.82580915110559,"40.7445723092867,-73.82580915110559",11355.0,"40.745,-73.826"
Queens,Hillcrest,40.7238249018292,-73.79760300912672,"40.7238249018292,-73.79760300912672",11366.0,"40.724,-73.798"
Queens,Ravenswood,40.76170452605415,-73.93157506072878,"40.76170452605415,-73.93157506072878",11101.0,"40.762,-73.932"
Queens,Lindenwood,40.66391841925139,-73.84963782402441,"40.66391841925139,-73.84963782402441",11417.0,"40.664,-73.85"
Queens,Laurelton,40.66788389660247,-73.74025607989822,"40.66788389660247,-73.74025607989822",11422.0,"40.668,-73.74"
Queens,Lefrak City,40.7360745708308,-73.8625247141374,"40.7360745708308,-73.8625247141374",11373.0,"40.736,-73.863"
Queens,Belle Harbor,40.57615556543109,-73.8540175039252,"40.57615556543109,-73.8540175039252",11694.0,"40.576,-73.854"
Queens,Rockaway Park,40.58034295646131,-73.84153370226186,"40.58034295646131,-73.84153370226186",11694.0,"40.58,-73.842"
Queens,Somerville,40.59771061565768,-73.79664750844047,"40.59771061565768,-73.79664750844047",11692.0,"40.598,-73.797"
Queens,Brookville,40.66000322733613,-73.75175310731153,"40.66000322733613,-73.75175310731153",11413.0,"40.66,-73.752"
Queens,Bellaire,40.73301404027834,-73.73889198912481,"40.73301404027834,-73.73889198912481",11364.0,"40.733,-73.739"
Queens,North Corona,40.7540709990489,-73.85751790676447,"40.7540709990489,-73.85751790676447",11368.0,"40.754,-73.858"
Queens,Forest Hills Gardens,40.7146110815117,-73.8410221123401,"40.7146110815117,-73.8410221123401",11375.0,"40.715,-73.841"
Staten Island,St. George,40.6449815710044,-74.07935312512797,"40.6449815710044,-74.07935312512797",10301.0,"40.645,-74.079"
Staten Island,New Brighton,40.64061455913511,-74.08701650516625,"40.64061455913511,-74.08701650516625",10301.0,"40.641,-74.087"
Staten Island,Stapleton,40.62692762538176,-74.07790192660066,"40.62692762538176,-74.07790192660066",10301.0,"40.627,-74.078"
Staten Island,Rosebank,40.61530494652761,-74.06980526716141,"40.61530494652761,-74.06980526716141",10305.0,"40.615,-74.07"
Staten Island,West Brighton,40.63187892654607,-74.1071817826561,"40.63187892654607,-74.1071817826561",10301.0,"40.632,-74.107"
Staten Island,Grymes Hill,40.624184791313006,-74.08724819983729,"40.624184791313006,-74.08724819983729",10304.0,"40.624,-74.087"
Staten Island,Todt Hill,40.59706851814673,-74.1113288180088,"40.59706851814673,-74.1113288180088",,"40.597,-74.111"
Staten Island,South Beach,40.58024741350956,-74.0795529253982,"40.58024741350956,-74.0795529253982",10305.0,"40.58,-74.08"
Staten Island,Port Richmond,40.63366930554365,-74.12943426797008,"40.63366930554365,-74.12943426797008",10310.0,"40.634,-74.129"
Staten Island,Mariner's Harbor,40.63254639048112,-74.15008537046981,"40.63254639048112,-74.15008537046981",10302.0,"40.633,-74.15"
Staten Island,Port Ivory,40.63968297845542,-74.17464532993542,"40.63968297845542,-74.17464532993542",10303.0,"40.64,-74.175"
Staten Island,Castleton Corners,40.61333593766742,-74.11918058534842,"40.61333593766742,-74.11918058534842",10314.0,"40.613,-74.119"
Staten Island,New Springville,40.594252379161695,-74.16496031329827,"40.594252379161695,-74.16496031329827",10314.0,"40.594,-74.165"
Staten Island,Travis,40.58631375103281,-74.19073717538116,"40.58631375103281,-74.19073717538116",10314.0,"40.586,-74.191"
Staten Island,New Dorp,40.57257231820632,-74.1164794360638,"40.57257231820632,-74.1164794360638",10306.0,"40.573,-74.116"
Staten Island,Oakwood,40.5584622432888,-74.12156593771896,"40.5584622432888,-74.12156593771896",10306.0,"40.558,-74.122"
Staten Island,Great Kills,40.549480228713605,-74.14932381490992,"40.549480228713605,-74.14932381490992",10308.0,"40.549,-74.149"
Staten Island,Eltingville,40.542230747450745,-74.1643308041936,"40.542230747450745,-74.1643308041936",10312.0,"40.542,-74.164"
Staten Island,Annadale,40.53811417474507,-74.17854866165878,"40.53811417474507,-74.17854866165878",10312.0,"40.538,-74.179"
Staten Island,Woodrow,40.54196762288876,-74.20524582480326,"40.54196762288876,-74.20524582480326",10309.0,"40.542,-74.205"
Staten Island,Tottenville,40.50533376115642,-74.24656934235283,"40.50533376115642,-74.24656934235283",10307.0,"40.505,-74.247"
Staten Island,Tompkinsville,40.637316067110326,-74.08055351790115,"40.637316067110326,-74.08055351790115",10301.0,"40.637,-74.081"
Staten Island,Silver Lake,40.61919310792676,-74.09629029235458,"40.61919310792676,-74.09629029235458",10301.0,"40.619,-74.096"
Staten Island,Sunnyside,40.61276015756489,-74.0971255217853,"40.61276015756489,-74.0971255217853",10301.0,"40.613,-74.097"
Brooklyn,Ditmas Park,40.643675183340974,-73.96101312466779,"40.643675183340974,-73.96101312466779",11218.0,"40.644,-73.961"
Brooklyn,Wingate,40.66094656188111,-73.93718680559314,"40.66094656188111,-73.93718680559314",11213.0,"40.661,-73.937"
Brooklyn,Rugby,40.65557231328077,-73.92688212616955,"40.65557231328077,-73.92688212616955",11203.0,"40.656,-73.927"
Staten Island,Park Hill,40.60919044434558,-74.08015734936296,"40.60919044434558,-74.08015734936296",10304.0,"40.609,-74.08"
Staten Island,Westerleigh,40.62109047275409,-74.13304143951704,"40.62109047275409,-74.13304143951704",10302.0,"40.621,-74.133"
Staten Island,Graniteville,40.620171512231884,-74.15315246387762,"40.620171512231884,-74.15315246387762",10303.0,"40.62,-74.153"
Staten Island,Arlington,40.63532509911492,-74.16510420241124,"40.63532509911492,-74.16510420241124",10303.0,"40.635,-74.165"
Staten Island,Arrochar,40.596312571276734,-74.06712363225574,"40.596312571276734,-74.06712363225574",10305.0,"40.596,-74.067"
Staten Island,Grasmere,40.59826835959991,-74.0766743627905,"40.59826835959991,-74.0766743627905",10304.0,"40.598,-74.077"
Staten Island,Old Town,40.59632891379513,-74.08751118005578,"40.59632891379513,-74.08751118005578",10305.0,"40.596,-74.088"
Staten Island,Dongan Hills,40.58867294819928,-74.09639905312521,"40.58867294819928,-74.09639905312521",10305.0,"40.589,-74.096"
Staten Island,Midland Beach,40.57352690574283,-74.09348266303591,"40.57352690574283,-74.09348266303591",10306.0,"40.574,-74.093"
Staten Island,Grant City,40.57621558711788,-74.10585598545434,"40.57621558711788,-74.10585598545434",10306.0,"40.576,-74.106"
Staten Island,New Dorp Beach,40.56425549307335,-74.10432707469124,"40.56425549307335,-74.10432707469124",10306.0,"40.564,-74.104"
Staten Island,Bay Terrace,40.55398800858462,-74.13916622175768,"40.55398800858462,-74.13916622175768",10308.0,"40.554,-74.139"
Staten Island,Huguenot,40.531911920489605,-74.19174105747814,"40.531911920489605,-74.19174105747814",10312.0,"40.532,-74.192"
Staten Island,Pleasant Plains,40.524699376118136,-74.21983106616777,"40.524699376118136,-74.21983106616777",10309.0,"40.525,-74.22"
Staten Island,Butler Manor,40.50608165346305,-74.22950350260027,"40.50608165346305,-74.22950350260027",,"40.506,-74.23"
Staten Island,Charleston,40.53053148283314,-74.23215775896526,"40.53053148283314,-74.23215775896526",10309.0,"40.531,-74.232"
Staten Island,Rossville,40.54940400650072,-74.21572851113952,"40.54940400650072,-74.21572851113952",10309.0,"40.549,-74.216"
Staten Island,Arden Heights,40.54928582278321,-74.18588674583893,"40.54928582278321,-74.18588674583893",10312.0,"40.549,-74.186"
Staten Island,Greenridge,40.5552952361732,-74.17079414786092,"40.5552952361732,-74.17079414786092",10312.0,"40.555,-74.171"
Staten Island,Heartland Village,40.58913894875281,-74.15902208156601,"40.58913894875281,-74.15902208156601",10314.0,"40.589,-74.159"
Staten Island,Chelsea,40.59472602746295,-74.1895604551969,"40.59472602746295,-74.1895604551969",10314.0,"40.595,-74.19"
Staten Island,Bloomfield,40.60577868452358,-74.18725638381567,"40.60577868452358,-74.18725638381567",10314.0,"40.606,-74.187"
Staten Island,Bulls Head,40.6095918004203,-74.15940948657122,"40.6095918004203,-74.15940948657122",10314.0,"40.61,-74.159"
Manhattan,Carnegie Hill,40.7826825671257,-73.95325646837112,"40.7826825671257,-73.95325646837112",10028.0,"40.783,-73.953"
Manhattan,Noho,40.72325901885768,-73.98843368023597,"40.72325901885768,-73.98843368023597",10012.0,"40.723,-73.988"
Manhattan,Civic Center,40.71522892046282,-74.00541529873355,"40.71522892046282,-74.00541529873355",10013.0,"40.715,-74.005"
Manhattan,Midtown South,40.7485096643122,-73.98871313285247,"40.7485096643122,-73.98871313285247",10016.0,"40.749,-73.989"
Staten Island,Richmond Town,40.56960594275505,-74.1340572986257,"40.56960594275505,-74.1340572986257",10306.0,"40.57,-74.134"
Staten Island,Shore Acres,40.60971934079284,-74.06667766061771,"40.60971934079284,-74.06667766061771",10305.0,"40.61,-74.067"
Staten Island,Clifton,40.61917845202843,-74.072642445484,"40.61917845202843,-74.072642445484",10304.0,"40.619,-74.073"
Staten Island,Concord,40.6044731896879,-74.08402364740358,"40.6044731896879,-74.08402364740358",10305.0,"40.604,-74.084"
Staten Island,Emerson Hill,40.606794394801,-74.09776206972522,"40.606794394801,-74.09776206972522",10304.0,"40.607,-74.098"
Staten Island,Randall Manor,40.63563000681151,-74.09805062373887,"40.63563000681151,-74.09805062373887",10301.0,"40.636,-74.098"
Staten Island,Howland Hook,40.63843283794795,-74.18622331749823,"40.63843283794795,-74.18622331749823",7202.0,"40.638,-74.186"
Staten Island,Elm Park,40.63014674119383,-74.1418167896889,"40.63014674119383,-74.1418167896889",10303.0,"40.63,-74.142"
Brooklyn,Remsen Village,40.65211745179349,-73.91665331978048,"40.65211745179349,-73.91665331978048",11236.0,"40.652,-73.917"
Brooklyn,New Lots,40.6627442796966,-73.88511776379292,"40.6627442796966,-73.88511776379292",11207.0,"40.663,-73.885"
Brooklyn,Paerdegat Basin,40.63131755039667,-73.90233474295836,"40.63131755039667,-73.90233474295836",11236.0,"40.631,-73.902"
Brooklyn,Mill Basin,40.61597423962336,-73.91515391550404,"40.61597423962336,-73.91515391550404",11234.0,"40.616,-73.915"
Queens,Jamaica Hills,40.71145964370482,-73.79646462081593,"40.71145964370482,-73.79646462081593",11432.0,"40.711,-73.796"
Queens,Utopia,40.73350025429757,-73.79671678028349,"40.73350025429757,-73.79671678028349",11365.0,"40.734,-73.797"
Queens,Pomonok,40.73493618075478,-73.80486120040537,"40.73493618075478,-73.80486120040537",11365.0,"40.735,-73.805"
Queens,Astoria Heights,40.7703173929982,-73.89467996270574,"40.7703173929982,-73.89467996270574",11105.0,"40.77,-73.895"
Bronx,Claremont Village,40.83142834161548,-73.90119903387667,"40.83142834161548,-73.90119903387667",10459.0,"40.831,-73.901"
Bronx,Concourse Village,40.824780490842905,-73.91584652759009,"40.824780490842905,-73.91584652759009",10456.0,"40.825,-73.916"
Bronx,Mount Eden,40.84382617671654,-73.91655551964419,"40.84382617671654,-73.91655551964419",10452.0,"40.844,-73.917"
Bronx,Mount Hope,40.84884160724665,-73.90829930881988,"40.84884160724665,-73.90829930881988",10453.0,"40.849,-73.908"
Manhattan,Sutton Place,40.76028033131374,-73.96355614094303,"40.76028033131374,-73.96355614094303",10065.0,"40.76,-73.964"
Queens,Hunters Point,40.743414090073536,-73.95386782130745,"40.743414090073536,-73.95386782130745",11101.0,"40.743,-73.954"
Manhattan,Turtle Bay,40.75204236950722,-73.96770824581834,"40.75204236950722,-73.96770824581834",10022.0,"40.752,-73.968"
Manhattan,Tudor City,40.7469174107402,-73.97121928722265,"40.7469174107402,-73.97121928722265",10017.0,"40.747,-73.971"
Manhattan,Stuyvesant Town,40.73099955477061,-73.97405170469203,"40.73099955477061,-73.97405170469203",10009.0,"40.731,-73.974"
Manhattan,Flatiron,40.739673047638426,-73.9909471052826,"40.739673047638426,-73.9909471052826",10011.0,"40.74,-73.991"
Queens,Sunnyside Gardens,40.74565180608076,-73.91819286431682,"40.74565180608076,-73.91819286431682",11104.0,"40.746,-73.918"
Queens,Blissville,40.73725071694497,-73.93244235260178,"40.73725071694497,-73.93244235260178",11101.0,"40.737,-73.932"
Brooklyn,Fulton Ferry,40.70328109093014,-73.99550751888415,"40.70328109093014,-73.99550751888415",11201.0,"40.703,-73.996"
Brooklyn,Vinegar Hill,40.70332149882874,-73.98111603592393,"40.70332149882874,-73.98111603592393",11201.0,"40.703,-73.981"
Brooklyn,Weeksville,40.67503986503237,-73.93053108817338,"40.67503986503237,-73.93053108817338",11233.0,"40.675,-73.931"
Brooklyn,Broadway Junction,40.67786104769531,-73.90331684852599,"40.67786104769531,-73.90331684852599",11207.0,"40.678,-73.903"
Brooklyn,Dumbo,40.70317632822692,-73.9887528074504,"40.70317632822692,-73.9887528074504",11201.0,"40.703,-73.989"
Staten Island,Manor Heights,40.60180957631444,-74.12059399718001,"40.60180957631444,-74.12059399718001",10314.0,"40.602,-74.121"
Staten Island,Willowbrook,40.60370692627371,-74.13208447484298,"40.60370692627371,-74.13208447484298",10314.0,"40.604,-74.132"
Staten Island,Sandy Ground,40.541139922091766,-74.21776636068567,"40.541139922091766,-74.21776636068567",10309.0,"40.541,-74.218"
Staten Island,Egbertville,40.579118742961214,-74.12727240604946,"40.579118742961214,-74.12727240604946",10306.0,"40.579,-74.127"
Queens,Roxbury,40.56737588957032,-73.89213760232822,"40.56737588957032,-73.89213760232822",11697.0,"40.567,-73.892"
Brooklyn,Homecrest,40.598525095137255,-73.95918459428702,"40.598525095137255,-73.95918459428702",11229.0,"40.599,-73.959"
Queens,Middle Village,40.716414511158185,-73.88114319200604,"40.716414511158185,-73.88114319200604",11379.0,"40.716,-73.881"
Staten Island,Prince's Bay,40.52626406734812,-74.20152556457658,"40.52626406734812,-74.20152556457658",10312.0,"40.526,-74.202"
Staten Island,Lighthouse Hill,40.57650629379489,-74.13792663771568,"40.57650629379489,-74.13792663771568",10306.0,"40.577,-74.138"
Staten Island,Richmond Valley,40.51954145748909,-74.22957080626941,"40.51954145748909,-74.22957080626941",10309.0,"40.52,-74.23"
Queens,Malba,40.79060155670148,-73.82667757138641,"40.79060155670148,-73.82667757138641",11357.0,"40.791,-73.827"
Brooklyn,Highland Park,40.6819989345173,-73.890345709872,"40.6819989345173,-73.890345709872",11207.0,"40.682,-73.89"
Brooklyn,Madison,40.60937770113766,-73.94841515328893,"40.60937770113766,-73.94841515328893",11229.0,"40.609,-73.948"
Bronx,Bronxdale,40.85272297633017,-73.86172577555115,"40.85272297633017,-73.86172577555115",10462.0,"40.853,-73.862"
Bronx,Allerton,40.86578787802982,-73.85931863221647,"40.86578787802982,-73.85931863221647",10467.0,"40.866,-73.859"
Bronx,Kingsbridge Heights,40.8703923914147,-73.90152264513144,"40.8703923914147,-73.90152264513144",10468.0,"40.87,-73.902"
Brooklyn,Erasmus,40.64692606658579,-73.94817709920184,"40.64692606658579,-73.94817709920184",11226.0,"40.647,-73.948"
Manhattan,Hudson Yards,40.75665808227519,-74.00011136202637,"40.75665808227519,-74.00011136202637",10001.0,"40.757,-74.0"
Queens,Hammels,40.58733774018741,-73.80553002968718,"40.58733774018741,-73.80553002968718",11693.0,"40.587,-73.806"
Queens,Bayswater,40.61132169128384,-73.76596781445627,"40.61132169128384,-73.76596781445627",11691.0,"40.611,-73.766"
Queens,Queensbridge,40.75609129709471,-73.94563070334091,"40.75609129709471,-73.94563070334091",11101.0,"40.756,-73.946"
Staten Island,Fox Hills,40.61731079252983,-74.08173992211962,"40.61731079252983,-74.08173992211962",10304.0,"40.617,-74.082"
