Borough,Neighbourhood,Latitude,Longitude,Zipcode,Restaurant_Count_Name,Restaurant_Count_Reviews,Restaurant_Count_Rating,Restaurant_Count_Price,Restaurant_Mean_Distance (m),Restaurant_Mean_Reviews,Restaurant_Mean_Rating,Restaurant_Mean_Price,Restaurant_Sum_Reviews,Restaurant_Sum_Rating,Restaurant_Sum_Price,School_Count_Name,School_Mean_Reviews,School_Mean_Rating,School_Sum_Reviews,School_Sum_Rating,School_Sum_Price,Park_Count_Name,Park_Mean_Reviews,Park_Mean_Rating,Park_Sum_Reviews,Park_Sum_Rating,Transit_Count_Name,Transit_Mean_Reviews,Transit_Mean_Rating,Transit_Sum_Reviews,Transit_Sum_Rating,Grocery_Count_Name,Grocery_Mean_Reviews,Grocery_Mean_Rating,Grocery_Sum_Reviews,Grocery_Sum_Rating,Rat_Sum_Case Open?,Rat_Sum_Days Complaint Open,Rat_Count_Created Date,Rat_Count_Closed Date,Rat_Mean_Case Open?,Rat_Mean_Created Year,Rat_Mean_Created Month,Rat_Mean_Created Day,Rat_Mean_Closed Year,Rat_Mean_Closed Month,Rat_Mean_Closed Day,Rat_Mean_Days Complaint Open,Uber_Sum_Ride Count,Uber_Count_Ride Count,Uber_Mean_Month,Uber_Mean_Day,Uber_Mean_Ride Count
Bronx,Wakefield,40.89470518,-73.84720052,10466,23,0,8,22,741.6086957,,3.294117647,1.454545455,0,26.35294118,32,,,,,,,,,,,,,,,,,,,,,,,,,,,,,,,,,,,,,,
Bronx,Co-op City,40.87429419,-73.82993911,10475,25,0,18,25,749.6,,2.882352941,1.48,0,51.88235294,37,,,,,,,,,,,,,,,,,,,,,,,,,,,,,,,,,,,,,,
Bronx,Eastchester,40.88755568,-73.82780645,10466,25,0,24,25,554.44,,3.035947712,1.48,0,72.8627451,37,,,,,,,,,,,,,,,,,,,,,,,,,,,,,,,,,,,,,,
Bronx,Fieldston,40.89543743,-73.9056426,10471,25,0,16,24,875.12,,3.274509804,1.5,0,52.39215686,36,,,,,,,,,,,,,,,,,,,,,,,,,,,,,,,,,,,,,,
Bronx,Riverdale,40.89083449,-73.91258546,10463,25,0,23,25,633.56,,3.431372549,1.56,0,78.92156863,39,,,,,,,,,,,,,,,,,,,,,,,,,,,,,,,,,,,,,,
Bronx,Kingsbridge,40.88168737,-73.90281799,10463,25,0,25,25,532.28,,3.839215686,1.4,0,95.98039216,35,,,,,,,,,,,,,,,,,,,,,,,,,,,,,,,,,,,,,,
Manhattan,Marble Hill,40.87655078,-73.91065966,10034,25,0,17,25,639.96,,3.343713956,1.28,0,56.84313725,32,,,,,,,,,,,,,,,,,,,,,,,,,,,,,,,,,,,,,,
Bronx,Woodlawn,40.89827261,-73.86731497,10466,80,59,66,61,595.8220565,212.8474576,3.638829471,1.278688525,12558,240.1627451,78,38,17.7,4.223333333,531,126.7,0,5,127.6,4.02,638,20.1,32,6.083333333,3.8,73,45.6,12,432.5,4.175,5190,50.1,7,1713,155,148,0.04516129,2016.154839,6.458064516,16.07096774,2016.337838,6.763513514,16.66216216,11.57432432,,,,,
Bronx,Norwood,40.87722416,-73.87939074,10458,25,0,14,25,552.36,,2.887955182,1.32,0,40.43137255,33,,,,,,,,,,,,,,,,,,,,,,,,,,,,,,,,,,,,,,
Bronx,Williamsbridge,40.88103888,-73.85744643,10467,25,0,4,20,672.16,,3.843137255,1.5,0,15.37254902,30,,,,,,,,,,,,,,,,,,,,,,,,,,,,,,,,,,,,,,
Bronx,Baychester,40.86685811,-73.8357976,10475,58,45,56,51,633.759419,608.3333333,3.361764706,1.568627451,27375,188.2588235,80,25,24.63636364,4.190909091,271,46.1,0,7,101.5,4.5,406,18,20,3.555555556,4.188888889,32,37.7,4,740.25,3.95,2961,15.8,3,180,16,13,0.1875,2014,7.0625,19.25,2014,8.461538462,14.46153846,13.84615385,,,,,
Bronx,Pelham Parkway,40.8574135,-73.85475564,10461,25,0,13,22,636.2,,3.328808446,1.227272727,0,43.2745098,27,,,,,,,,,,,,,,,,,,,,,,,,,,,,,,,,,,,,,,
Bronx,City Island,40.8472467,-73.78648845,10464,45,34,38,35,459.0398263,994.5588235,3.949690402,2.085714286,33815,150.0882353,73,5,10.33333333,4.266666667,31,12.8,0,5,61.6,4.4,308,22,12,1,5,3,15,1,70,4.2,70,4.2,0,65,14,14,0,2017.785714,7.357142857,18.5,2017.785714,7.642857143,14.42857143,4.642857143,,,,,
Bronx,Bedford Park,40.87018516,-73.88551218,10467,25,0,13,24,539.04,,2.888386124,1.291666667,0,37.54901961,31,,,,,,,,,,,,,,,,,,,,,,,,,,,,,,,,,,,,,,
Bronx,University Heights,40.85572708,-73.91041596,10453,24,0,3,12,625.2916667,,3.065359477,1.5,0,9.196078431,18,,,,,,,,,,,,,,,,,,,,,,,,,,,,,,,,,,,,,,
Bronx,Morris Heights,40.84789793,-73.91967159,10453,25,0,7,13,732.2,,2.691876751,1.230769231,0,18.84313725,16,,,,,,,,,,,,,,,,,,,,,,,,,,,,,,,,,,,,,,
Bronx,Fordham,40.8609968,-73.89642656,10468,25,0,18,23,747.68,,3.736383442,1.304347826,0,67.25490196,30,,,,,,,,,,,,,,,,,,,,,,,,,,,,,,,,,,,,,,
Bronx,East Tremont,40.84269616,-73.88735618,10457,51,28,32,45,662.5262519,296.9642857,3.476776961,1.311111111,8315,111.2568627,59,21,16.2,3.755,324,75.1,0,21,334.0952381,4.057142857,7016,85.2,10,1.5,4.5,3,9,13,370.8461538,4.215384615,4821,54.8,29,3731,398,373,0.072864322,2016.452261,6.814070352,15.82914573,2016.581769,6.857908847,15.12868633,10.00268097,,,,,
Bronx,West Farms,40.83947506,-73.87774475,10460,25,0,5,22,501.84,,2.443137255,1.318181818,0,12.21568627,29,,,,,,,,,,,,,,,,,,,,,,,,,,,,,,,,,,,,,,
Bronx,High  Bridge,40.83662301,-73.92610209,10452,25,0,8,20,678.56,,2.931372549,1.5,0,23.45098039,30,,,,,,,,,,,,,,,,,,,,,,,,,,,,,,,,,,,,,,
Bronx,Melrose,40.81975437,-73.90942161,10455,53,35,42,47,653.0954,232.8285714,3.78636788,1.382978723,8149,159.027451,65,9,16.125,4.05,129,32.4,0,12,319.25,3.908333333,3831,46.9,12,16,3.733333333,96,22.4,14,400.9285714,4.128571429,5613,57.8,23,3095,243,224,0.094650206,2016.703704,6.765432099,16.32098765,2016.991071,7.075892857,15.89285714,13.81696429,,,,,
Bronx,Mott Haven,40.80623875,-73.91609987,10454,25,0,12,24,678.72,,3.281045752,1.375,0,39.37254902,33,,,,,,,,,,,,,,,,,,,,,,,,,,,,,,,,,,,,,,
Bronx,Port Morris,40.80166363,-73.91322139,10454,73,53,56,55,645.1616449,138.3584906,4.01337535,1.472727273,7333,224.7490196,81,28,12.72727273,4.231818182,280,93.1,0,18,88.84615385,4.184615385,1155,54.4,19,14.125,4.025,113,32.2,5,392,3.98,1960,19.9,17,1164,196,181,0.086734694,2017.107143,6.423469388,15.55612245,2017.486188,6.364640884,16.06629834,6.430939227,,,,,
Bronx,Longwood,40.81509905,-73.8957882,10459,23,0,9,23,641.5217391,,3.204793028,1.260869565,0,28.84313725,29,,,,,,,,,,,,,,,,,,,,,,,,,,,,,,,,,,,,,,
Bronx,Hunts Point,40.80972988,-73.88331506,10474,60,39,41,30,647.7076823,92.20512821,3.944619799,1.433333333,3596,161.7294118,43,14,11.28571429,4.185714286,79,29.3,0,8,222,4.485714286,1554,31.4,15,4.333333333,3.166666667,13,9.5,9,80,4.157142857,560,29.1,6,743,108,102,0.055555556,2017.148148,6.824074074,15.39814815,2017.04902,6.588235294,16.53921569,7.284313725,1,1,5,18,1
Bronx,Morrisania,40.82359199,-73.90150649,10459,23,0,8,22,699.7826087,,3.362745098,1.5,0,26.90196078,33,,,,,,,,,,,,,,,,,,,,,,,,,,,,,,,,,,,,,,
Bronx,Soundview,40.8210122,-73.8657461,10473,23,0,12,22,536.5217391,,2.549019608,1.181818182,0,30.58823529,26,,,,,,,,,,,,,,,,,,,,,,,,,,,,,,,,,,,,,,
Bronx,Clason Point,40.80655112,-73.85414416,10473,7,0,0,3,780.2857143,,,1.666666667,0,0,5,,,,,,,,,,,,,,,,,,,,,,,,,,,,,,,,,,,,,,
Bronx,Throgs Neck,40.81510926,-73.81635002,10465,20,0,8,14,660.05,,3.519607843,1.571428571,0,28.15686275,22,,,,,,,,,,,,,,,,,,,,,,,,,,,,,,,,,,,,,,
Bronx,Country Club,40.84424594,-73.82409927,10461,25,0,18,25,668.96,,3.248366013,1.6,0,58.47058824,40,,,,,,,,,,,,,,,,,,,,,,,,,,,,,,,,,,,,,,
Bronx,Parkchester,40.83793782,-73.85600311,10462,25,0,13,22,580.32,,2.870286576,1.636363636,0,37.31372549,36,,,,,,,,,,,,,,,,,,,,,,,,,,,,,,,,,,,,,,
Bronx,Westchester Square,40.8406195,-73.84219408,10461,25,0,17,24,455.16,,3.099192618,1.375,0,52.68627451,33,,,,,,,,,,,,,,,,,,,,,,,,,,,,,,,,,,,,,,
Bronx,Van Nest,40.84360847,-73.86629918,10460,54,32,42,46,533.495387,231.5,3.511437908,1.369565217,7408,147.4803922,63,22,16.70588235,4.011764706,284,68.2,0,21,83.66666667,4.180952381,1757,87.8,28,8.916666667,4.266666667,107,51.2,12,212.5454545,4.045454545,2338,44.5,22,2317,273,252,0.080586081,2016.490842,6.186813187,15.01465201,2016.710317,6.523809524,15.25,9.194444444,1,1,7,27,1
Bronx,Morris Park,40.84754906,-73.85040178,10461,25,0,18,23,626.76,,3.091503268,1.47826087,0,55.64705882,34,,,,,,,,,,,,,,,,,,,,,,,,,,,,,,,,,,,,,,
Bronx,Belmont,40.8572771,-73.88845196,10458,82,64,81,75,589.7970135,322.09375,4.038247398,1.573333333,20614,327.0980392,118,22,20,3.815789474,380,72.5,0,28,183.962963,4.077777778,4967,110.1,38,7.565217391,4.126086957,174,94.9,12,287.6363636,3.972727273,3164,43.7,35,5186,465,433,0.075268817,2016.070968,6.367741935,15.35053763,2016.311778,6.598152425,15.72286374,11.97690531,2,2,8,14,1
Bronx,Spuyten Duyvil,40.88139498,-73.91719048,10463,86,71,77,77,770.6330258,415.5070423,3.798395722,1.649350649,29501,292.4764706,127,33,17.45833333,3.929166667,419,94.3,0,32,85.84615385,4.288461538,2232,111.5,44,3.411764706,3.864705882,58,65.7,11,843.6363636,4.1,9280,45.1,25,2621,249,225,0.100401606,2017.851406,6.53815261,16.73092369,2017.795556,6.777777778,16.40888889,11.64888889,3,3,7.666666667,16.66666667,1
Bronx,North Riverdale,40.90854283,-73.90453055,10471,62,49,54,53,524.2815712,197.1836735,3.814669572,1.566037736,9662,205.9921569,83,28,10.05555556,4.527777778,181,81.5,0,17,178.5454545,3.909090909,1964,43,27,2.6,4.86,13,24.3,3,233.6666667,3.9,701,11.7,4,511,44,40,0.090909091,2018.522727,6.477272727,14.20454545,2018.75,6.95,14.9,12.775,6,6,7,6.333333333,1
Bronx,Pelham Bay,40.85064141,-73.83207378,10461,117,104,114,101,584.6455097,325.5192308,3.951014792,1.574257426,33854,450.4156863,159,46,14.03571429,4.25,393,119,0,18,74.46153846,4.484615385,968,58.3,56,5.272727273,4.154545455,116,91.4,5,604.6,4.18,3023,20.9,3,1153,111,109,0.027027027,2016.945946,6.36036036,15.6036036,2017.119266,6.155963303,16.0733945,10.57798165,,,,,
Bronx,Schuylerville,40.82657952,-73.82620276,10465,25,0,20,23,486.88,,3.411764706,1.391304348,0,68.23529412,32,,,,,,,,,,,,,,,,,,,,,,,,,,,,,,,,,,,,,,
Bronx,Edgewater Park,40.82198612,-73.81388514,10465,87,71,80,73,623.8995393,297.1408451,3.649901961,1.630136986,21097,291.9921569,119,30,11.61111111,4.3,209,77.4,0,12,64.72727273,4.318181818,712,47.5,55,1.428571429,3.714285714,10,26,3,376,4.2,1128,12.6,5,1242,86,81,0.058139535,2015.72093,6.906976744,16.40697674,2015.962963,7.185185185,17.30864198,15.33333333,,,,,
Bronx,Castle Hill,40.81901438,-73.8480273,10473,53,36,42,34,781.9793772,241.75,3.373436041,1.529411765,8703,141.6843137,52,33,11.63636364,3.977272727,256,87.5,0,18,305.0714286,4.457142857,4271,62.4,50,21.63636364,3.654545455,476,80.4,8,366.25,3.95,2930,31.6,7,1028,119,113,0.058823529,2017.10084,6.966386555,15.58823529,2017.212389,6.982300885,14.97345133,9.097345133,,,,,
Bronx,Olinville,40.87137078,-73.86332362,10467,24,0,11,22,561.5833333,,3.381461676,1.181818182,0,37.19607843,26,,,,,,,,,,,,,,,,,,,,,,,,,,,,,,,,,,,,,,
Bronx,Pelham Gardens,40.86296562,-73.84161195,10469,25,0,7,22,669.48,,3.196078431,1.409090909,0,22.37254902,31,,,,,,,,,,,,,,,,,,,,,,,,,,,,,,,,,,,,,,
Bronx,Concourse,40.83428381,-73.91558942,10452,25,0,8,22,693.24,,2.794117647,1.363636364,0,22.35294118,30,,,,,,,,,,,,,,,,,,,,,,,,,,,,,,,,,,,,,,
Bronx,Unionport,40.8297743,-73.85053524,10472,48,29,40,44,720.5627685,596.2068966,3.481666667,1.590909091,17290,139.2666667,70,16,14.33333333,3.666666667,172,44,0,11,293.6,4.18,2936,41.8,6,5,4.6,5,4.6,6,538.1666667,4.133333333,3229,24.8,19,2734,343,325,0.055393586,2017.632653,6.924198251,15.58017493,2017.744615,7.083076923,15.78461538,8.412307692,,,,,
Bronx,Edenwald,40.8845613,-73.84808272,10469,89,68,72,67,730.3763156,278.8235294,3.553404139,1.447761194,18960,255.845098,97,33,13.875,4.020833333,333,96.5,0,15,99.83333333,3.783333333,1198,45.4,50,4,4.5,52,58.5,7,899.5714286,4.114285714,6297,28.8,16,1620,184,168,0.086956522,2016.092391,6.967391304,16.32065217,2016.369048,7.226190476,16.24404762,9.642857143,,,,,
Brooklyn,Bay Ridge,40.62580107,-74.03062069,11209,25,0,25,25,562.64,,3.760784314,1.92,0,94.01960784,48,,,,,,,,,,,,,,,,,,,,,,,,,,,,,,,,,,,,,,
Brooklyn,Bensonhurst,40.6110089,-73.99517998,11214,25,0,17,22,654.72,,3.186851211,1.363636364,0,54.17647059,30,,,,,,,,,,,,,,,,,,,,,,,,,,,,,,,,,,,,,,
Brooklyn,Sunset Park,40.64510295,-74.01031619,11220,47,30,46,46,584.041121,403.7333333,3.865174766,1.369565217,12112,177.7980392,63,20,10.58333333,4.2,127,50.4,2,3,2192.5,4.3,4385,8.6,17,8.545454545,4.009090909,94,44.1,19,243.6875,4.1,3899,65.6,37,4079,298,261,0.124161074,2018.580537,6.570469799,14.76845638,2018.777778,6.992337165,15.49042146,15.62835249,12,12,7.833333333,15.66666667,1
Brooklyn,Greenpoint,40.73020098,-73.95424093,11222,59,40,59,58,359.6518027,440.675,4.343436358,1.810344828,17627,256.2627451,105,19,15.09090909,4.636363636,166,51,0,19,496.1428571,4.621428571,6946,64.7,15,16.66666667,3.933333333,50,11.8,9,153.8888889,4.355555556,1385,39.2,32,4251,318,285,0.100628931,2016.996855,6.537735849,16.08805031,2016.919298,6.785964912,16.36491228,14.91578947,156,156,6.923076923,15.87820513,1
Brooklyn,Gravesend,40.59526001,-73.97347088,11223,88,70,75,71,597.8824311,435.3142857,3.961856209,1.577464789,30472,297.1392157,112,30,24.61111111,3.944444444,443,71,0,14,64.36363636,4.436363636,708,48.8,23,8.333333333,4,25,12,12,179.1818182,4.318181818,1971,47.5,15,1008,108,93,0.138888889,2016.768519,6.509259259,15.87037037,2016.827957,6.559139785,17,10.83870968,,,,,
Brooklyn,Brighton Beach,40.57682507,-73.96509449,11235,25,0,14,20,338.96,,3.268907563,1.75,0,45.76470588,35,,,,,,,,,,,,,,,,,,,,,,,,,,,,,,,,,,,,,,
Brooklyn,Sheepshead Bay,40.58689013,-73.9431864,11235,25,0,25,24,602.44,,3.293333333,1.833333333,0,82.33333333,44,,,,,,,,,,,,,,,,,,,,,,,,,,,,,,,,,,,,,,
Brooklyn,Manhattan Terrace,40.61443251,-73.95743841,11230,25,0,15,23,529.72,,3.274509804,1.608695652,0,49.11764706,37,,,,,,,,,,,,,,,,,,,,,,,,,,,,,,,,,,,,,,
Brooklyn,Flatbush,40.63632589,-73.95840107,11218,29,4,29,28,751.72,282,3.658350237,1.785714286,1128,106.0921569,50,15,17.7,4.39,177,43.9,0,11,128.1,4.21,1281,42.1,9,1,5,1,5,3,360.3333333,4.033333333,1081,12.1,17,1454,128,112,0.1328125,2016.4375,6.5,16.859375,2016.5,6.758928571,17.41071429,12.98214286,,,,,
Brooklyn,Crown Heights,40.67082918,-73.94329119,11225,25,0,25,25,763.44,,3.763921569,1.6,0,94.09803922,40,,,,,,,,,,,,,,,,,,,,,,,,,,,,,,,,,,,,,,
Brooklyn,East Flatbush,40.64171777,-73.93610256,11203,18,0,3,11,562.8333333,,3.013071895,2.090909091,0,9.039215686,23,,,,,,,,,,,,,,,,,,,,,,,,,,,,,,,,,,,,,,
Brooklyn,Kensington,40.64238196,-73.98042111,11218,25,0,21,25,551.72,,3.364145658,1.24,0,70.64705882,31,,,,,,,,,,,,,,,,,,,,,,,,,,,,,,,,,,,,,,
Brooklyn,Windsor Terrace,40.65694584,-73.9800734,11218,25,0,25,25,654.24,,4.090196078,1.44,0,102.254902,36,,,,,,,,,,,,,,,,,,,,,,,,,,,,,,,,,,,,,,
Brooklyn,Prospect Heights,40.67682226,-73.96485924,11238,25,0,25,24,361.2,,4.391372549,1.958333333,0,109.7843137,47,,,,,,,,,,,,,,,,,,,,,,,,,,,,,,,,,,,,,,
Brooklyn,Brownsville,40.66394994,-73.91023536,11212,70,51,54,49,576.3485016,141.1960784,3.628685548,1.224489796,7201,195.9490196,60,27,13.84210526,4.147368421,263,78.8,0,25,110.375,4.2375,1766,67.8,28,1.166666667,4.166666667,7,25,18,227.3529412,3.835294118,3865,65.2,20,3491,263,245,0.076045627,2016.520913,7.019011407,15.58174905,2016.387755,7.155102041,15.22040816,14.24897959,4,4,6.5,11.25,1
Brooklyn,Williamsburg,40.70714439,-73.95811529,11211,25,0,25,25,633.72,,4.441568627,2,0,111.0392157,50,,,,,,,,,,,,,,,,,,,,,,,,,,,,,,,,,,,,,,
Brooklyn,Bushwick,40.69811611,-73.92525797,11221,43,20,43,40,474.5795396,227.25,4.190241678,1.6,4545,180.1803922,64,17,16.69230769,4.115384615,217,53.5,0,14,23.75,4.216666667,285,50.6,22,4.4,4.32,44,43.2,17,291.0588235,4.082352941,4948,69.4,59,9344,827,769,0.071342201,2016.645707,6.680773881,16.38573156,2016.712614,6.827048114,15.4083225,12.15084525,28,28,7.714285714,14.07142857,1
Brooklyn,Bedford Stuyvesant,40.68723161,-73.94178489,11216,69,47,69,63,733.0791816,261.0638298,4.174367718,1.603174603,12270,288.0313725,101,13,13.88888889,3.911111111,125,35.2,0,16,293.9166667,4.341666667,3527,52.1,8,1,5,1,5,17,343.375,3.98125,5494,63.7,51,9866,806,757,0.063275434,2017.490074,6.669975186,15.25558313,2017.478203,6.801849406,15.84412153,13.0330251,35,35,7.114285714,15.85714286,1
Brooklyn,Brooklyn Heights,40.69586372,-73.99378225,11201,25,0,25,25,534.84,,4.397647059,2.16,0,109.9411765,54,,,,,,,,,,,,,,,,,,,,,,,,,,,,,,,,,,,,,,
Brooklyn,Cobble Hill,40.68791972,-73.99856139,11201,25,0,25,25,423.2,,4.36627451,2,0,109.1568627,50,,,,,,,,,,,,,,,,,,,,,,,,,,,,,,,,,,,,,,
Brooklyn,Carroll Gardens,40.68054023,-73.99465373,11201,25,0,25,24,438.96,,4.413333333,1.958333333,0,110.3333333,47,,,,,,,,,,,,,,,,,,,,,,,,,,,,,,,,,,,,,,
Brooklyn,Red Hook,40.67625323,-74.01275897,11231,78,62,78,69,488.6277464,430.9516129,4.161664153,1.768115942,26719,324.6098039,122,24,20.05555556,3.955555556,361,71.2,0,31,135.9259259,4.496296296,3670,121.4,37,14.95,3.48,299,69.6,8,138.125,3.975,1105,31.8,22,1580,158,134,0.139240506,2017.613924,6.626582278,16.01265823,2017.865672,6.753731343,15.97014925,11.79104478,117,117,6.991452991,17.33333333,1
Brooklyn,Gowanus,40.67393114,-73.99444087,11215,25,0,25,24,614.64,,4.444705882,1.75,0,111.1176471,42,,,,,,,,,,,,,,,,,,,,,,,,,,,,,,,,,,,,,,
Brooklyn,Fort Greene,40.68852726,-73.97290574,11205,48,27,48,46,363.468469,476.6666667,4.238684641,1.956521739,12870,203.4568627,90,16,15,3.827272727,165,42.1,0,14,512.7692308,4.369230769,6666,56.8,18,1,4,2,8,8,600,4.2375,4800,33.9,22,5036,338,314,0.065088757,2017.393491,6.872781065,16.33136095,2017.573248,7.213375796,15.14649682,16.03821656,120,120,6.941666667,17.26666667,1
Brooklyn,Park Slope,40.67232052,-73.9770503,11215,87,69,87,84,601.1109364,494.5362319,4.238269101,1.80952381,34123,368.7294118,152,40,25.82758621,4.593103448,749,133.2,0,24,106.1904762,4.40952381,2230,92.6,27,6.666666667,3.783333333,40,22.7,16,355.9375,4.15,5695,66.4,40,7793,480,440,0.083333333,2017.6125,6.472916667,15.71041667,2017.775,6.95,16.28181818,17.71136364,153,153,7.117647059,16.97385621,1
Brooklyn,Cypress Hills,40.68239101,-73.87661596,11208,84,68,71,72,519.5267375,270.8235294,3.647694007,1.263888889,18416,258.9862745,91,46,27.25,4,872,128,0,33,244.3,4.315,4886,86.3,49,12.31578947,4.073684211,234,77.4,25,194.4,4.096,4860,102.4,48,3116,298,249,0.161073826,2016.731544,6.647651007,15.77181208,2016.686747,6.903614458,16.31726908,12.51405622,,,,,
Brooklyn,East New York,40.6699257,-73.88069864,11207,25,0,3,18,702.68,,2.620915033,1.388888889,0,7.862745098,25,,,,,,,,,,,,,,,,,,,,,,0,8,1,1,0,2011,2,22,2011,3,2,8,,,,,
Brooklyn,Starrett City,40.64758905,-73.8793697,11207,25,0,14,19,721.8,,3.151260504,1.684210526,0,44.11764706,32,,,,,,,,,,,,,,,,,,,,,,,,,,,,,,,,,,,,,,
Brooklyn,Canarsie,40.63556433,-73.9020927,11236,25,0,11,24,659.12,,2.625668449,1.791666667,0,28.88235294,43,,,,,,,,,,,,,,,,,,,,,,,,,,,,,,,,,,,,,,
Brooklyn,Flatlands,40.63044604,-73.92911303,11236,25,0,11,24,626.28,,2.796791444,1.541666667,0,30.76470588,37,,,,,,,,,,,,,,,,,,,,,,,,,,,,,,,,,,,,,,
Brooklyn,Mill Island,40.60633642,-73.90818572,11234,16,0,5,11,864.9375,,3.243137255,1.363636364,0,16.21568627,15,,,,,,,,,,,,,,,,,,,,,,,,,,,,,,,,,,,,,,
Brooklyn,Manhattan Beach,40.5779135,-73.94353723,11235,25,0,21,23,723.56,,3.084033613,1.782608696,0,64.76470588,41,,,,,,,,,,,,,,,,,,,,,,,,,,,,,,,,,,,,,,
Brooklyn,Coney Island,40.57429256,-73.98868296,11224,25,0,19,21,632.96,,2.940144479,1.476190476,0,55.8627451,31,,,,,,,,,,,,,,,,,,,,,,,,,,,,,,,,,,,,,,
Brooklyn,Bath Beach,40.5995187,-73.99875221,11214,78,57,68,66,608.5508293,298.7192982,3.859775087,1.575757576,17027,262.4647059,104,25,28.05,4.09,561,81.8,0,12,340.5454545,4.454545455,3746,49,19,1.2,4.2,6,21,25,309.76,4.044,7744,101.1,10,1302,126,116,0.079365079,2016.253968,6.484126984,16.20634921,2016.258621,6.767241379,15.23275862,11.22413793,,,,,
Brooklyn,Borough Park,40.63313051,-73.99049823,11219,66,45,51,55,658.0252401,209.9333333,3.993540946,1.545454545,9447,203.6705882,85,29,22.5,4.375,450,87.5,0,9,205.4285714,4.242857143,1438,29.7,25,1.142857143,4.5,8,31.5,25,238,4.3,5712,103.2,26,2035,218,192,0.119266055,2017.325688,6.922018349,15.42201835,2017.34375,7.166666667,15.41666667,10.59895833,1,1,6,13,1
Brooklyn,Dyker Heights,40.61921946,-74.01931376,11209,25,0,22,25,740.44,,3.213903743,1.68,0,70.70588235,42,,,,,,,,,,,,,,,,,,,,,,,,,,,,,,,,,,,,,,
Brooklyn,Gerritsen Beach,40.59084843,-73.93010171,11235,131,107,116,114,586.0179925,533.4579439,3.838286004,1.771929825,57080,445.2411765,202,58,21.61904762,3.997619048,908,167.9,0,23,1976.333333,4.416666667,35574,79.5,48,5.153846154,4.576923077,67,59.5,22,728.047619,4.214285714,15289,88.5,22,2134,217,196,0.101382488,2017.963134,6.465437788,15.36866359,2018.096939,6.846938776,15.85714286,10.8877551,1,1,7,23,1
Brooklyn,Marine Park,40.60974778,-73.93134404,11234,25,0,18,24,790.92,,3.052287582,1.416666667,0,54.94117647,34,,,,,,,,,,,,,,,,,,,,,,,,,,,,,,,,,,,,,,
Brooklyn,Clinton Hill,40.69322942,-73.96784306,11238,65,41,65,65,415.349132,577.0243902,4.21520362,1.876923077,23658,273.9882353,122,16,12.76923077,4.515384615,166,58.7,0,19,261.8947368,4.484210526,4976,85.2,18,1,5,3,15,13,322.2727273,4.109090909,3545,45.2,36,11060,796,761,0.045226131,2017.408291,6.76758794,15.44472362,2017.491459,7.061760841,15.12352168,14.53350854,151,151,6.960264901,16.56953642,1
Brooklyn,Sea Gate,40.57637538,-74.00787311,11224,45,42,42,33,725.2081152,616.1428571,3.471428571,1.545454545,25878,145.8,51,34,15.66666667,4.1,235,61.5,0,21,166.4117647,4.576470588,2829,77.8,34,5,4.47,50,44.7,4,756.25,4,3025,16,14,1175,85,72,0.164705882,2016.6,6.623529412,15.88235294,2016.805556,6.958333333,15.77777778,16.31944444,6,6,7.166666667,18,1
Brooklyn,Downtown,40.69084402,-73.98346337,11201,25,0,25,25,463.32,,4.457254902,2.16,0,111.4313725,54,,,,,,,,,,,,,,,,,,,,,,,,,,,,,,,,,,,,,,
Brooklyn,Boerum Hill,40.68568291,-73.98374824,11217,63,40,63,60,533.0270168,747.25,4.225583567,2,29890,266.2117647,120,9,29.125,4.3125,233,34.5,0,18,50.44444444,4.155555556,908,74.8,16,32.16666667,4.166666667,193,25,7,656.1428571,3.885714286,4593,27.2,37,4428,398,362,0.092964824,2016.869347,6.768844221,15.19346734,2017.038674,7.052486188,15.16022099,12.2320442,153,153,6.993464052,16.31372549,1
Brooklyn,Prospect Lefferts Gardens,40.65842002,-73.95489867,11225,59,39,59,54,537.1064647,376.1025641,3.981854437,1.62962963,14668,234.9294118,88,11,14.1,4.15,141,41.5,0,18,738.25,4.6,11812,73.6,10,1,3.25,4,13,11,529.3636364,4.172727273,5823,45.9,35,4484,363,330,0.096418733,2017.31405,6.154269972,15.5261708,2017.39697,6.406060606,15.28787879,13.58787879,14,14,6.142857143,16,1
Brooklyn,Ocean Hill,40.67840255,-73.91306832,11233,24,0,13,24,584.5833333,,2.990950226,1.25,0,38.88235294,30,,,,,,,,,,,,,,,,,,,,,,,,,,,,,,,,,,,,,,
Brooklyn,City Line,40.67856996,-73.86797598,11416,44,20,32,43,620.8241887,304.9,3.447303922,1.418604651,6098,110.3137255,61,15,24.55555556,4.233333333,221,38.1,0,7,23.16666667,3.65,139,21.9,7,1,1,1,1,7,615.7142857,4.1,4310,28.7,7,472,45,39,0.155555556,2016.644444,6.977777778,15.53333333,2016.820513,7.333333333,16.74358974,12.1025641,,,,,
Brooklyn,Bergen Beach,40.61514955,-73.89855634,11234,6,0,2,5,904.1666667,,3.470588235,1.6,0,6.941176471,8,,,,,,,,,,,,,,,,,,,,,,,,,,,,,,,,,,,,,,
Brooklyn,Midwood,40.6255959,-73.95759523,11230,25,0,12,23,724.44,,3.189542484,1.47826087,0,38.2745098,34,,,,,,,,,,,,,,,,,,,,,,,,,,,,,,,,,,,,,,
Brooklyn,Prospect Park South,40.6470086,-73.96261317,11218,25,0,25,25,710.96,,3.751372549,1.68,0,93.78431373,42,,,,,,,,,,,,,,,,,,,,,,,,,,,,,,,,,,,,,,
Brooklyn,Georgetown,40.62384524,-73.91607484,11234,25,0,23,25,653.96,,3.284739983,1.68,0,75.54901961,42,,,,,,,,,,,,,,,,,,,,,,,,,,,,,,,,,,,,,,
Brooklyn,East Williamsburg,40.70849241,-73.93885815,11206,46,28,46,43,909.4128787,610.6785714,4.206436488,1.76744186,17099,193.4960784,76,27,14.25,4.19375,228,67.1,0,20,89.27777778,4.444444444,1607,80,14,16.5,3.05,33,6.1,11,219.1,4.33,2191,43.3,38,4852,457,418,0.083150985,2017.070022,6.58643326,14.39387309,2017.258373,6.889952153,16.26555024,11.6076555,88,88,7.465909091,15.63636364,1
Brooklyn,North Side,40.71482291,-73.95880858,11211,73,50,73,71,756.6645359,981.94,4.336637121,1.915492958,49097,316.5745098,136,22,11.5,4.005555556,207,72.1,0,33,224.5625,4.265625,7186,136.5,36,9.235294118,3.911764706,157,66.5,16,180.1333333,4.386666667,2702,65.8,36,5547,417,380,0.086330935,2017.239808,6.690647482,15.63788969,2017.218421,6.805263158,16.12894737,14.59736842,338,338,7.112426036,16.53550296,1
Brooklyn,South Side,40.71086147,-73.95800095,11249,47,23,47,46,666.6843553,1263.086957,4.324906133,1.826086957,29051,203.2705882,84,7,10.83333333,4.85,65,29.1,0,5,698.8,4.44,3494,22.2,1,,,0,0,9,485.125,4.45,3881,35.6,0,20,2,2,0,2018,9,19.5,2018,9.5,14,10,2,2,6.5,9.5,1
Brooklyn,Ocean Parkway,40.61305977,-73.96836678,11230,68,47,56,59,742.4057791,379.7021277,3.804131653,1.644067797,17846,213.0313725,97,28,16.33333333,3.78,245,56.7,0,9,220.2,4.46,1101,22.3,32,7.333333333,4.211111111,132,75.8,17,381.6,4.3,5724,64.5,21,1407,144,123,0.145833333,2017.784722,6.923611111,15.375,2017.918699,7.138211382,14.27642276,11.43902439,3,3,7,16,1
Brooklyn,Fort Hamilton,40.61476813,-74.03197915,11209,91,77,91,90,556.4676929,399.6233766,4.06442577,1.822222222,30771,369.8627451,164,33,17.19230769,4.415384615,447,114.8,0,18,370.3571429,4.328571429,5185,60.6,38,14.22222222,3.4,128,30.6,13,341.6153846,4.169230769,4441,54.2,13,1427,152,139,0.085526316,2018.671053,6.467105263,16.44736842,2018.690647,6.589928058,16.55395683,10.26618705,7,7,7.857142857,19.42857143,1
Manhattan,Chinatown,40.71561842,-73.99427936,10002,25,0,25,22,381.08,,4.432156863,1.772727273,0,110.8039216,39,,,,,,,,,,,,,,,,,,,,,,,,,,,,,,,,,,,,,,
Manhattan,Washington Heights,40.85190253,-73.93690028,10032,33,8,33,28,576.879513,47.875,3.757278669,1.607142857,383,123.9901961,45,4,7.5,4.35,15,8.7,0,5,608.75,4.425,2435,17.7,,,,,,1,676,3.9,676,3.9,24,3085,274,251,0.087591241,2016.310219,6.551094891,16.11313869,2016.346614,6.980079681,15.98007968,12.29083665,18,18,7.444444444,16.55555556,1
Manhattan,Inwood,40.86768396,-73.92121042,10034,62,43,60,59,567.8278978,515.0930233,3.748039216,1.610169492,22149,224.8823529,95,18,21.57142857,4.207142857,302,58.9,0,17,307.6923077,4.607692308,4000,59.9,16,21.9,3.53,219,35.3,12,255.3636364,4.218181818,2809,46.4,26,2562,217,191,0.119815668,2017.437788,6.926267281,16.23963134,2017.633508,7.219895288,15.92670157,13.41361257,3,3,7,22,1
Manhattan,Hamilton Heights,40.82360428,-73.94968792,10039,30,5,30,29,596.3656548,392,3.767058824,1.655172414,1960,113.0117647,48,2,7,4.4,14,8.8,0,1,586,4.3,586,4.3,,,,,,3,1024.666667,3.766666667,3074,11.3,10,1297,115,105,0.086956522,2018.017391,6.591304348,14.51304348,2018.057143,6.933333333,14.77142857,12.35238095,4,4,7.25,15.5,1
Manhattan,Manhattanville,40.81693443,-73.95738539,10031,49,30,49,45,518.4714527,421.7,3.88947579,1.844444444,12651,190.5843137,83,10,21.75,3.65,174,29.2,0,18,291.375,4.13125,4662,66.1,18,1,3,2,6,8,401.8571429,3.957142857,2813,27.7,35,3120,412,380,0.084951456,2016.966019,6.47815534,15.24029126,2017.078947,6.594736842,16.69210526,8.210526316,8,8,7.5,14.875,1
Manhattan,Central Harlem,40.81597607,-73.94321113,10030,40,20,40,38,545.4282108,882.3,3.900588235,1.710526316,17646,156.0235294,65,14,10.91666667,3.933333333,131,47.2,0,16,491,4.406666667,7365,66.1,10,1,5,1,5,10,213.4444444,3.866666667,1921,34.8,53,7555,829,779,0.063932449,2017.658625,6.806996381,15.7358263,2017.690629,6.876765083,15.35173299,9.698331194,33,33,7.181818182,18.42424242,1
Manhattan,East Harlem,40.79224947,-73.94418223,10035,45,22,45,43,618.7680041,742.5454545,4.018649237,1.627906977,16336,180.8392157,70,19,19.8125,3.9375,317,63,0,34,219.28125,4.265625,7017,136.5,14,1.428571429,3.071428571,10,21.5,12,376.3333333,4.133333333,4516,49.6,56,5431,604,548,0.092715232,2017.347682,6.501655629,16.11092715,2017.54927,6.731751825,15.75547445,9.910583942,97,97,7.020618557,16.91752577,1
Manhattan,Upper East Side,40.77563857,-73.96050763,10028,53,29,53,53,453.16,849.8965517,4.240473548,2.075471698,24647,224.745098,110,28,29.57692308,4.342307692,769,112.9,0,31,177.5454545,4.540909091,3906,99.9,38,26.75,4.3,321,51.6,10,404.4,3.97,4044,39.7,40,3789,399,363,0.100250627,2016.546366,6.458646617,15.62656642,2016.787879,6.556473829,16.6969697,10.43801653,673,673,6.684992571,16.34026746,1
Manhattan,Yorkville,40.77592985,-73.94711784,10075,25,0,25,25,434.52,,4.290980392,1.76,0,107.2745098,44,,,,,,,,,,,,,,,,,,,,,,,,,,,,,,,,,,,,,,
Manhattan,Lenox Hill,40.76811266,-73.95885969,10075,37,13,37,35,437.0543241,635.6923077,4.348383678,2.028571429,8264,160.8901961,71,7,13,4.285714286,91,30,0,2,2,5,2,5,12,2,4.125,8,16.5,2,212.5,3.5,425,7,12,1425,118,106,0.101694915,2017.508475,6.491525424,15.55932203,2017.632075,6.981132075,16.17924528,13.44339623,200,200,6.99,15.83,1
Manhattan,Roosevelt Island,40.76215961,-73.94916769,11106,63,39,63,62,1097.814869,576.2307692,4.174696545,1.709677419,22473,263.0058824,106,14,18.33333333,4.283333333,220,51.4,0,6,603.4,4.46,3017,22.3,14,2,3.45,8,13.8,12,364.75,4.258333333,4377,51.1,9,1022,85,76,0.105882353,2017.423529,6.576470588,16.96470588,2017.815789,6.973684211,16.73684211,13.44736842,12,12,6.833333333,18.25,1
Manhattan,Upper West Side,40.787658,-73.97705924,10024,54,38,54,52,336.1745796,1246.631579,4.190958606,2.057692308,47372,226.3117647,107,16,15.53333333,4.353333333,233,65.3,2,23,817.8947368,4.626315789,15540,87.9,15,2.25,3.6,9,14.4,6,171.3333333,3.983333333,1028,23.9,51,4284,452,402,0.112831858,2017.504425,6.373893805,14.96017699,2017.532338,6.422885572,15.20646766,10.65671642,346,346,6.87283237,15.9017341,1
Manhattan,Lincoln Square,40.77352889,-73.98533777,10023,38,20,38,38,612.4183968,1368.5,4.134262126,2.342105263,27370,157.1019608,89,15,53.07692308,4.115384615,690,53.5,0,15,262.2142857,4.507142857,3671,63.1,18,1.571428571,3.528571429,11,24.7,9,1003.111111,3.855555556,9028,34.7,23,2075,235,212,0.09787234,2016.595745,6.374468085,15.60425532,2016.660377,6.646226415,15.16981132,9.787735849,454,454,6.795154185,16.34581498,1
Manhattan,Clinton,40.75910089,-73.99611936,10018,54,31,54,53,944.5780762,1256.806452,4.271895425,2.075471698,38961,230.6823529,110,14,25.5,4.383333333,153,26.3,0,18,6446.615385,4.046153846,83806,52.6,6,,,0,0,8,440.5,4.616666667,2643,27.7,2,282,36,34,0.055555556,2016.861111,5.361111111,16.5,2016.764706,5.794117647,14.17647059,8.294117647,558,558,6.811827957,15.66129032,1
Manhattan,Midtown,40.7546911,-73.98166883,10017,24,0,24,21,445.6666667,,4.251633987,2.333333333,0,102.0392157,49,,,,,,,,,,,,,,,,,,,,,,0,17,1,1,0,2013,10,18,2013,11,4,17,6,6,6,16.66666667,1
Manhattan,Murray Hill,40.74830308,-73.97833208,10016,97,51,95,87,562.0441167,469.2352941,3.984127967,1.850574713,23931,378.4921569,161,20,15.93333333,4.233333333,239,63.5,0,8,12.33333333,4.166666667,74,25,13,5.5,4.725,22,18.9,2,409,4.2,818,8.4,5,530,49,44,0.102040816,2018.020408,6.775510204,15.59183673,2017.772727,6.704545455,15.20454545,12.04545455,,,,,
Manhattan,Chelsea,40.74403471,-74.00311633,10014,41,0,30,35,503.5365854,,4.134640523,1.914285714,0,124.0392157,67,,,,,,,,,,,,,,,,,,,,,,,,,,,,,,,,,,,,,,
Manhattan,Greenwich Village,40.72693289,-73.99991403,10003,79,56,79,78,1035.45311,1908.285714,4.258351948,2.102564103,106864,336.4098039,164,13,23.54545455,4.636363636,259,51,0,10,1753.222222,4.333333333,15779,39,9,47.25,4.35,189,17.4,9,1281.125,4.25,10249,34,19,1802,186,168,0.102150538,2017.241935,6.962365591,15.27419355,2017.410714,7.077380952,15.41666667,10.72619048,946,946,6.707188161,15.81395349,1
Manhattan,East Village,40.72784678,-73.98222617,10009,25,0,25,23,329.96,,4.388235294,1.826086957,0,109.7058824,42,,,,,,,,,,,,,,,,,,,,,,,,,,,,,,,,,,,,,,
Manhattan,Lower East Side,40.71780675,-73.98089032,10002,57,38,57,53,620.7096448,1924.921053,4.24623323,1.962264151,73147,242.0352941,104,21,18.44444444,4.116666667,332,74.1,0,12,324.8181818,4.2,3573,46.2,41,11.31578947,4.063157895,215,77.2,15,558,4.223076923,7254,54.9,17,3560,371,356,0.045822102,2016.32345,6.69541779,16.09703504,2016.398876,6.884831461,16.10393258,10,487,487,6.887063655,15.74743326,1
Manhattan,Tribeca,40.72152197,-74.01068329,10012,25,0,25,25,498.28,,4.369411765,2.08,0,109.2352941,52,,,,,,,,,,,,,,,,,,,,,,,,,,,,,,,,,,,,,,
Manhattan,Little Italy,40.71932379,-73.99730467,10013,25,0,25,24,391,,4.444705882,2.166666667,0,111.1176471,52,,,,,,,,,,,,,,,,,,,,,,,,,,,,,,,,,,,,,,
Manhattan,Soho,40.72218384,-74.00065667,10012,25,0,25,24,409.92,,4.438431373,2.208333333,0,110.9607843,53,,,,,,,,,,,,,,,,,,,,,,,,,,,,,,,,,,,,,,
Manhattan,West Village,40.73443394,-74.00617998,10014,47,29,47,47,366.5302386,1822.551724,4.326574885,2.446808511,52854,203.3490196,115,10,31.11111111,4.788888889,280,43.1,0,20,207,4.5,3933,85.5,24,17.92857143,3.457142857,251,48.4,4,212.5,3.975,850,15.9,24,2127,201,177,0.119402985,2016.905473,6.507462687,16.22885572,2017.231638,7.02259887,16.03389831,12.01694915,965,965,6.722279793,16.13782383,1
Manhattan,Manhattan Valley,40.79730704,-73.96428618,10025,64,44,64,60,484.7756023,621.5909091,4.138572304,1.75,27350,264.8686275,105,22,20.23529412,4.458823529,344,75.8,0,19,86.70588235,4.564705882,1474,77.6,23,6.428571429,4.042857143,45,28.3,12,732.7,4.14,7327,41.4,84,8168,847,766,0.099173554,2017.606848,6.670602125,15.50059032,2017.507833,6.853785901,15.49477807,10.66318538,187,187,7,15.39037433,1
Manhattan,Morningside Heights,40.80799974,-73.96389628,10027,62,39,62,59,633.0732159,1122.820513,4.085736875,1.762711864,43790,253.3156863,104,15,26.3,4.29,263,42.9,0,22,169.2631579,4.431578947,3216,84.2,32,13.36363636,3.709090909,147,40.8,15,475.6666667,3.84,7135,57.6,38,5478,494,458,0.076923077,2017.089069,6.524291498,16.1659919,2017.189956,6.816593886,16.18995633,11.96069869,57,57,7.035087719,17.21052632,1
Manhattan,Gramercy,40.73720983,-73.98137595,10010,35,12,35,33,496.3162309,2571.5,4.271596639,2.212121212,30858,149.5058824,73,15,20.28571429,4.371428571,284,61.2,0,12,2237.5,4.5875,17900,36.7,29,6,4.257142857,84,59.6,10,902.2,3.77,9022,37.7,8,969,89,81,0.08988764,2016.966292,6.460674157,16.11235955,2017,6.765432099,15.28395062,11.96296296,557,557,6.816876122,15.75044883,1
Manhattan,Battery Park City,40.71193198,-74.01686931,10013,24,0,24,21,599.3333333,,4.31372549,1.80952381,0,103.5294118,38,,,,,,,1,39,4.7,39,4.7,,,,,,,,,,,,,,,,,,,,,,,,,,,
Manhattan,Financial District,40.70710711,-74.01066545,10038,44,21,44,42,423.155275,769.952381,4.211586453,1.952380952,16169,185.3098039,82,7,35.4,3.9,177,19.5,0,2,385.5,4.15,771,8.3,8,90,4.133333333,270,12.4,4,629.25,4.175,2517,16.7,10,810,87,77,0.114942529,2016.666667,6.517241379,17.25287356,2016.649351,6.753246753,17.2987013,10.51948052,196,196,6.760204082,15.90816327,1
Queens,Astoria,40.76850859,-73.91565374,11105,25,0,25,23,614.68,,4.425882353,1.782608696,0,110.6470588,41,,,,,,,,,,,,,,,,,,,,,,0,31,1,1,0,2011,3,13,2011,4,13,31,,,,,
Queens,Woodside,40.74634909,-73.90184167,11372,25,0,25,23,470.32,,3.735686275,1.52173913,0,93.39215686,35,,,,,,,,,,,,,,,,,3,86.66666667,3.966666667,260,11.9,,,,,,,,,,,,,,,,,
Queens,Jackson Heights,40.75198138,-73.88282109,11372,67,47,67,66,616.1323718,739.9787234,4.055809189,1.833333333,34779,271.7392157,121,17,59.21428571,4.035714286,829,56.5,0,20,200.3333333,4.466666667,2404,53.6,11,159,4.6,477,13.8,18,500.6111111,3.894444444,9011,70.1,12,791,111,101,0.108108108,2016.711712,6.540540541,15.03603604,2016.821782,6.603960396,16.23762376,7.831683168,1,1,9,21,1
Queens,Elmhurst,40.74404851,-73.88165622,11373,25,0,25,25,556.52,,4.030588235,1.56,0,100.7647059,39,,,,,,,,,,,,,,,,,,,,,,,,,,,,,,,,,,,,,,
Queens,Howard Beach,40.65422528,-73.83813765,11414,54,45,54,53,474.0893077,611.8666667,3.731336238,1.679245283,27534,201.4921569,89,17,10.41666667,4.291666667,125,51.5,0,4,378.3333333,4.166666667,1135,12.5,24,1,1,2,2,2,1020.5,4.2,2041,8.4,2,922,41,39,0.048780488,2016.195122,6.268292683,16.95121951,2016,6.923076923,17.1025641,23.64102564,,,,,
Queens,Corona,40.74238175,-73.85682497,11373,25,0,10,24,681.24,,3.674509804,1.708333333,0,36.74509804,41,,,,,,,,,,,,,,,,,,,,,,,,,,,,,,,,,,,,,,
Queens,Forest Hills,40.72526378,-73.84447501,11375,25,0,25,23,653.24,,3.600784314,1.47826087,0,90.01960784,34,,,,,,,,,,,,,,,,,,,,,,,,,,,,,,,,,,,,,,
Queens,Kew Gardens,40.70517904,-73.82981906,11415,45,23,33,41,534.259607,370.0434783,3.70439691,1.487804878,8511,122.245098,61,10,20,4.78,100,23.9,0,7,98.6,4.48,493,22.4,14,1.8,2.9,9,14.5,2,166.5,4.25,333,8.5,3,244,15,13,0.2,2017.133333,7.466666667,20.53333333,2016.538462,7.846153846,19.84615385,18.76923077,,,,,
Queens,Richmond Hill,40.69794731,-73.83183321,11418,48,29,33,41,542.8703023,256.862069,3.70647653,1.512195122,7449,122.3137255,62,20,17,4.125,204,49.5,0,6,29,4.58,145,22.9,14,1,5,2,10,8,455.2857143,4.071428571,3187,28.5,7,723,85,78,0.082352941,2017.352941,6.235294118,15.42352941,2017.333333,6.346153846,16.8974359,9.269230769,,,,,
Queens,Flushing,40.7644542,-73.831773,11354,77,61,77,72,479.5608621,856.3442623,3.987216705,1.763888889,52237,307.0156863,127,26,20.73333333,4.166666667,311,62.5,0,16,171.2142857,4.285714286,2397,60,30,1.75,3.775,14,30.2,16,800.8571429,3.978571429,11212,55.7,4,721,69,65,0.057971014,2017.753623,6.811594203,17.39130435,2017.784615,7.369230769,15.66153846,11.09230769,4,4,8.25,18.5,1
Queens,Long Island City,40.75021735,-73.93920224,11101,25,0,25,23,510.64,,3.955294118,1.695652174,0,98.88235294,39,,,,,,,,,,,,,,,,,,,,,,,,,,,,,,,,,,,,,,
Queens,Sunnyside,40.74017628,-73.92691618,11104,41,0,32,35,646.8536585,,3.845588235,1.485714286,0,123.0588235,52,,,,,,,,,,,,,,,,,,,,,,,,,,,,,,,,,,,,,,
Queens,East Elmhurst,40.76407324,-73.86704148,11368,25,0,8,25,716.68,,2.735294118,1.64,0,21.88235294,41,,,,,,,,,,,,,,,,,,,,,,,,,,,,,,,,,,,,,,
Queens,Maspeth,40.72542737,-73.89621714,11378,48,33,44,44,449.9065584,321.9090909,3.740998217,1.522727273,10623,164.6039216,67,19,20.63636364,4.381818182,227,48.2,0,16,76.33333333,3.74,1145,56.1,14,1.75,2.8,7,11.2,4,242.5,4.3,970,17.2,5,877,109,104,0.04587156,2016.577982,7.073394495,16,2016.528846,6.942307692,16.21153846,8.432692308,,,,,
Queens,Ridgewood,40.70832316,-73.90143518,11385,25,0,25,21,666.76,,3.600784314,1.666666667,0,90.01960784,35,,,,,,,,,,,,,,,,,,,,,,,,,,,,,,,,,,,,,,
Queens,Glendale,40.70276243,-73.87074167,11385,79,70,76,74,640.6793734,338.4714286,3.815196078,1.5,23693,289.954902,111,28,20.76190476,3.942857143,436,82.8,0,16,104.3846154,4.115384615,1357,53.5,28,8.3,4.28,83,42.8,10,350.3333333,4.311111111,3153,38.8,30,5273,521,493,0.057581574,2017.119002,6.516314779,15.82149712,2017.156187,6.709939148,16.50912779,10.69574037,3,3,7,27.66666667,1
Queens,Rego Park,40.72897409,-73.85782687,11375,25,0,25,24,534.8,,3.023529412,1.291666667,0,75.58823529,31,,,,,,,,,,,,1,1,5,1,5,,,,,,,,,,,,,,,,,,,,,,
Queens,Woodhaven,40.68988688,-73.85811047,11421,40,23,29,38,501.7830564,290.2608696,3.672210953,1.342105263,6676,106.4941176,51,11,17.33333333,4.45,104,26.7,0,7,109.3333333,4.25,656,25.5,13,9,4.183333333,54,25.1,9,177.5555556,4.055555556,1598,36.5,4,507,45,42,0.088888889,2015.644444,6.266666667,15.17777778,2015.571429,6.357142857,15.45238095,12.07142857,,,,,
Queens,Ozone Park,40.68070847,-73.84320266,11417,24,0,10,24,624.375,,2.733333333,1.458333333,0,27.33333333,35,,,,,,,,,,,,,,,,,,,,,,,,,,,,,,,,,,,,,,
Queens,South Ozone Park,40.66854958,-73.80986479,11420,42,24,27,36,797.2736784,220.3333333,3.713362382,1.444444444,5288,100.2607843,52,15,21.77777778,4.177777778,196,37.6,0,3,105.3333333,4.366666667,316,13.1,11,1,5,2,10,2,790.5,3.95,1581,7.9,8,1460,104,99,0.076923077,2016.346154,7.115384615,16.10576923,2016.575758,7.555555556,16.1010101,14.74747475,1,1,8,11,1
Queens,College Point,40.78490275,-73.84304529,11356,58,43,50,48,482.8742397,278.2790698,3.649921569,1.625,11966,182.4960784,78,20,11,4.54,110,45.4,0,6,81.83333333,4.466666667,491,26.8,22,1.666666667,3.233333333,5,9.7,7,593.5,4.4,3561,26.4,4,558,29,25,0.137931034,2016.931034,6.206896552,19.17241379,2017.68,6.92,19.52,22.32,,,,,
Queens,Whitestone,40.78129077,-73.81420217,11357,25,0,21,25,748.48,,3.154995331,1.64,0,66.25490196,41,,,,,,,,,,,,,,,,,,,,,,,,,,,,,,,,,,,,,,
Queens,Bayside,40.76604063,-73.77427363,11361,62,46,62,57,643.2250216,574.4782609,3.846710942,1.894736842,26426,238.4960784,108,22,15.25,4.216666667,183,50.6,0,2,725.5,4.5,1451,9,17,11.25,3.725,45,14.9,1,11,3.5,11,3.5,5,409,51,46,0.098039216,2017.45098,6.745098039,15.2745098,2017.195652,6.826086957,14.58695652,8.891304348,,,,,
Queens,Auburndale,40.76172955,-73.79176244,11358,25,0,25,24,663.76,,3.249411765,1.583333333,0,81.23529412,38,,,,,,,,,,,,,,,,,,,,,,,,,,,,,,,,,,,,,,
Queens,Little Neck,40.77082619,-73.73889776,11362,25,0,22,23,376.8,,3.231729055,1.913043478,0,71.09803922,44,1,8,5,8,5,0,,,,,,,,,,,,,,,,,,,,,,,,,,,,,,,,
Queens,Douglaston,40.7668461,-73.74249821,11362,46,30,41,44,470.9057756,403.7666667,3.797704448,1.909090909,12113,155.7058824,84,16,14.57142857,4.414285714,102,30.9,0,3,16,3.75,32,7.5,14,1,3,3,9,,,,,,2,111,11,9,0.181818182,2016,6.454545455,16.45454545,2016.222222,7.222222222,19.88888889,12.33333333,,,,,
Queens,Glen Oaks,40.7494408,-73.71548119,11004,25,0,15,23,624.4,,3.164705882,1.391304348,0,47.47058824,32,,,,,,,,,,,,,,,,,,,,,,,,,,,,,,,,,,,,,,
Queens,Bellerose,40.72857318,-73.72012815,11426,51,36,42,44,605.3896519,235.0833333,3.867647059,1.477272727,8463,162.4411765,65,12,15.375,4.2625,123,34.1,0,4,81.5,4.675,326,18.7,14,1.25,4.25,5,17,5,528.4,4.32,2642,21.6,2,385,28,26,0.071428571,2016.035714,6.571428571,16.39285714,2015.961538,7.384615385,14.80769231,14.80769231,,,,,
Queens,Kew Gardens Hills,40.72257824,-73.82087765,11367,47,35,42,44,702.5600581,348.7428571,3.576890756,1.568181818,12206,150.2294118,69,30,19.21052632,4.326315789,365,82.2,0,10,84.44444444,4.111111111,760,37,18,1.714285714,3.714285714,12,26,7,583.7142857,4.2,4086,29.4,3,380,39,36,0.076923077,2016.717949,7.58974359,17.58974359,2016.916667,7.583333333,17.97222222,10.55555556,,,,,
Queens,Fresh Meadows,40.73439447,-73.78271337,11366,25,0,16,24,614.24,,3.348039216,1.333333333,0,53.56862745,32,,,,,,,,,,,,,,,,,,,,,,,,,,,,,,,,,,,,,,
Queens,Briarwood,40.71093547,-73.81174822,11435,48,28,39,47,749.1917843,306.7857143,3.563650075,1.382978723,8590,138.9823529,65,11,25,4.366666667,225,39.3,0,8,226.8571429,4.357142857,1588,30.5,13,1.833333333,4.7,11,28.2,8,280.5,4.25,2244,34,12,1973,139,127,0.086330935,2017.366906,6.467625899,17.13669065,2017.543307,6.763779528,16.19685039,15.53543307,1,1,9,2,1
Queens,Jamaica Center,40.70465736,-73.79690166,11432,23,0,13,20,556.173913,,2.972850679,1.4,0,38.64705882,28,,,,,,,,,,,,,,,,,,,,,,0,51,1,1,0,2016,7,2,2016,8,22,51,,,,,
Queens,Oakland Gardens,40.74561857,-73.75494976,11364,25,0,16,23,430.92,,2.980392157,1.52173913,0,47.68627451,35,,,,,,,,,,,,,,,,,,,,,,,,,,,,,,,,,,,,,,
Queens,Queens Village,40.71889309,-73.73871485,11429,36,15,21,32,467.4280598,159.8,3.481979458,1.40625,2397,73.12156863,45,11,12.83333333,4.1,77,24.6,0,1,163,4.2,163,4.2,3,,,0,0,2,163,4,326,8,4,501,53,49,0.075471698,2015.867925,6.094339623,15.77358491,2015.816327,6.265306122,16.24489796,10.2244898,,,,,
Queens,Hollis,40.71124344,-73.75925009,11423,49,32,36,34,674.7324712,165.90625,3.732189542,1.294117647,5309,134.3588235,44,14,11.88888889,4.355555556,107,39.2,0,3,180.5,4.2,361,8.4,23,1,4.333333333,6,26,5,416.2,3.88,2081,19.4,6,345,37,31,0.162162162,2015.162162,6.324324324,15.91891892,2015.83871,6.483870968,17.38709677,11.12903226,,,,,
Queens,South Jamaica,40.69691125,-73.79042613,11432,18,0,1,3,613,,3.509803922,1.333333333,0,3.509803922,4,,,,,,,,,,,,,,,,,,,,,,0,86,1,1,0,2019,7,8,2019,10,3,86,,,,,
Queens,St. Albans,40.69444539,-73.75867604,11412,54,36,40,39,562.407205,175.75,3.543431373,1.41025641,6327,141.7372549,55,25,18.14285714,4.042857143,254,56.6,0,3,118.6666667,4.433333333,356,13.3,21,1,3.5,2,7,4,236.25,4.275,945,17.1,7,1087,117,110,0.05982906,2015.666667,6.58974359,15.05128205,2015.772727,6.881818182,14.32727273,9.881818182,,,,,
Queens,Rochdale,40.6752114,-73.77258788,11434,25,0,10,22,748.2,,2.741176471,1.318181818,0,27.41176471,29,,,,,,,,,,,,,,,,,,,,,,,,,,,,,,,,,,,,,,
Queens,Springfield Gardens,40.66623049,-73.76042093,11434,70,53,57,42,759.7231636,230.9622642,3.454454764,1.357142857,12241,196.9039216,57,22,13.69230769,4.215384615,178,54.8,0,5,24.5,4.15,98,16.6,20,1.6,4.16,8,20.8,7,297.5,4.183333333,1785,25.1,10,1166,126,117,0.079365079,2015.150794,6.452380952,16.42857143,2015.25641,6.923076923,15.39316239,9.965811966,,,,,
Queens,Cambria Heights,40.69277464,-73.73526874,11411,43,26,30,29,462.9854495,182.6538462,3.594117647,1.620689655,4749,107.8235294,47,17,10.75,4.1375,86,33.1,0,3,148,4.466666667,444,13.4,15,1,5,2,10,1,2459,4.1,2459,4.1,2,184,21,19,0.095238095,2014.809524,6.19047619,16.66666667,2015.315789,6.789473684,16.47368421,9.684210526,,,,,
Queens,Rosedale,40.65981643,-73.73526079,11422,25,0,11,19,622.08,,2.882352941,1.526315789,0,31.70588235,29,,,,,,,,,,,,,,,,,,,,,,,,,,,,,,,,,,,,,,
Queens,Far Rockaway,40.60313443,-73.75497968,11691,24,0,10,22,262.625,,2.694117647,1.272727273,0,26.94117647,28,,,,,,,,,,,,,,,,,,,,,,,,,,,,,,,,,,,,,,
Queens,Broad Channel,40.60302658,-73.82005489,11693,7,0,2,4,383.4285714,,4.37254902,1.5,0,8.745098039,6,,,,,,,,,,,,,,,,,,,,,,,,,,,,,,,,,,,,,,
Queens,Breezy Point,40.55740129,-73.92551197,11697,5,0,2,2,455.4,,3.078431373,1.5,0,6.156862745,3,,,,,,,,,,,,,,,,,,,,,,,,,,,,,,,,,,,,,,
Queens,Steinway,40.77592302,-73.9022896,11105,25,0,25,24,618.04,,4.334901961,1.791666667,0,108.372549,43,,,,,,,,,,,,,,,,,,,,,,,,,,,,,,,,,,,,,,
Queens,Beechhurst,40.7927814,-73.80436452,11357,25,0,17,25,671.92,,3.399077278,1.68,0,57.78431373,42,,,,,,,,,,,,,,,,,,,,,,,,,,,,,,,,,,,,,,
Queens,Bay Terrace,40.78284281,-73.77680223,11360,96,74,79,65,605.3019064,243.4864865,3.877587491,1.769230769,18018,306.3294118,115,31,21.3125,4.49375,341,71.9,0,9,33.85714286,4.028571429,237,28.2,35,14.5,4.4,29,8.8,2,783.5,4.2,1567,8.4,7,2261,83,76,0.084337349,2016.240964,6.686746988,14.98795181,2016.5,7.407894737,16.86842105,29.75,,,,,
Queens,Edgemere,40.59564181,-73.77613282,11691,3,0,1,3,573,,2.411764706,1,0,2.411764706,3,,,,,,,,,,,,,,,,,,,,,,,,,,,,,,,,,,,,,,
Queens,Arverne,40.58914394,-73.79199233,11692,15,0,5,12,531.4666667,,3.258823529,1.416666667,0,16.29411765,17,,,,,,,,,,,,,,,,,,,,,,,,,,,,,,,,,,,,,,
Queens,Rockaway Beach,40.5828017,-73.82236121,11694,25,0,19,25,540.84,,3.629514964,1.44,0,68.96078431,36,,,,,,,,,,,,,,,,,,,,,,,,,,,,,,,,,,,,,,
Queens,Neponsit,40.57203673,-73.85754672,11694,10,0,5,8,905.7,,2.992156863,1.125,0,14.96078431,9,,,,,,,,,,,,,,,,,,,,,,,,,,,,,,,,,,,,,,
Queens,Murray Hill,40.76412612,-73.81276269,11358,97,51,95,87,562.0441167,469.2352941,3.984127967,1.850574713,23931,378.4921569,161,20,15.93333333,4.233333333,239,63.5,0,8,12.33333333,4.166666667,74,25,13,5.5,4.725,22,18.9,2,409,4.2,818,8.4,5,530,49,44,0.102040816,2018.020408,6.775510204,15.59183673,2017.772727,6.704545455,15.20454545,12.04545455,,,,,
Queens,Floral Park,40.74137842,-73.70884706,11004,41,27,39,37,674.2578061,291.9259259,3.56546003,1.405405405,7882,139.0529412,52,10,24,4.225,96,16.9,0,5,53.5,4.25,214,17,19,1,4.5,4,18,3,465.3333333,4.2,1396,12.6,1,38,7,6,0.142857143,2019.571429,7.428571429,16.71428571,2019.166667,7.333333333,11.66666667,6.333333333,,,,,
Queens,Holliswood,40.72095721,-73.76714167,11427,40,20,25,32,645.6686395,585.25,3.161333333,1.375,11705,79.03333333,44,16,25.71428571,4.142857143,180,29,0,5,121.6666667,4.133333333,365,12.4,19,1,4,4,16,1,634,3.8,634,3.8,2,175,18,16,0.111111111,2017.055556,7.166666667,15.77777778,2016.9375,7.25,13.8125,10.9375,,,,,
Queens,Jamaica Estates,40.71680483,-73.78722697,11432,25,0,10,24,711.36,,2.843137255,1.375,0,28.43137255,33,,,,,,,,,,,,,,,,,,,,,,,,,,,,,,,,,,,,,,
Queens,Queensboro Hill,40.74457231,-73.82580915,11355,71,55,62,59,553.0865234,223.3818182,3.805313093,1.610169492,12286,235.9294118,95,24,21,4.129411765,357,70.2,0,16,273.5384615,4.315384615,3556,56.1,9,1.2,3.8,6,19,10,344.5555556,3.877777778,3101,34.9,7,716,87,81,0.08045977,2018.068966,6.712643678,15.8045977,2017.987654,6.728395062,14.49382716,8.839506173,2,2,5.5,5.5,1
Queens,Hillcrest,40.7238249,-73.79760301,11366,55,40,48,49,686.5919447,288.925,3.674795752,1.510204082,11557,176.3901961,74,18,27.66666667,4.222222222,249,38,0,11,519.4545455,4.263636364,5714,46.9,20,1,5,3,15,4,127.75,4.375,511,17.5,2,62,12,10,0.166666667,2014.75,7.083333333,15.41666667,2014.2,6.9,19.2,6.2,1,1,4,26,1
Queens,Ravenswood,40.76170453,-73.93157506,11101,25,0,25,23,696.52,,4.250196078,1.956521739,0,106.254902,45,,,,,,,,,,,,,,,,,,,,,,,,,,,,,,,,,,,,,,
Queens,Lindenwood,40.66391842,-73.84963782,11417,51,30,44,47,679.545384,375.5333333,3.67526738,1.425531915,11266,161.7117647,67,13,32.875,4.4875,263,35.9,0,8,80.85714286,4.457142857,566,31.2,15,11.44444444,3.355555556,103,30.2,3,415.3333333,4.1,1246,12.3,9,2137,95,86,0.094736842,2017.273684,6.8,16.97894737,2017.197674,7.627906977,16.36046512,24.84883721,,,,,
Queens,Laurelton,40.6678839,-73.74025608,11422,54,38,43,44,749.5458991,170.8684211,3.482352941,1.522727273,6493,149.7411765,67,22,18,4.009090909,198,44.1,0,4,77,3.8,154,7.6,30,4.777777778,3.366666667,43,30.3,3,129,4.066666667,387,12.2,1,217,20,19,0.05,2015.3,7.2,13.8,2015.052632,7.368421053,18.57894737,11.42105263,,,,,
Queens,Lefrak City,40.73607457,-73.86252471,11373,61,39,55,59,602.1301899,596.8717949,3.74459893,1.525423729,23278,205.9529412,90,17,26.26666667,4.16,394,62.4,0,15,122.5,4,1715,56,13,25,3.6,75,10.8,13,453.5454545,4.063636364,4989,44.7,6,2233,154,147,0.038961039,2016.811688,6.811688312,16.2987013,2016.755102,6.925170068,15.2244898,15.19047619,1,1,8,31,1
Queens,Belle Harbor,40.57615557,-73.8540175,11694,10,0,6,8,488.8,,2.882352941,1.125,0,17.29411765,9,,,,,,,,,,,,,,,,,,,,,,,,,,,,,,,,,,,,,,
Queens,Rockaway Park,40.58034296,-73.8415337,11694,64,45,56,46,550.2316998,178.7555556,3.878676471,1.652173913,8044,217.2058824,76,30,14,3.638461538,182,47.3,0,13,57.83333333,4.416666667,694,53,56,9.545454545,3.754545455,105,41.3,2,543,4.1,1086,8.2,3,665,31,28,0.096774194,2016.935484,6.064516129,14.5483871,2016.928571,6.464285714,16.46428571,23.75,,,,,
Queens,Somerville,40.59771062,-73.79664751,11692,28,23,24,20,675.6297534,151.8695652,4.121078431,1.65,3493,98.90588235,33,9,25,3.1,50,6.2,0,20,212.3333333,4.127777778,3822,74.3,21,8.727272727,3.509090909,96,38.6,5,481,4.26,2405,21.3,2,120,13,11,0.153846154,2014.846154,6.153846154,17.38461538,2014.272727,5.818181818,18.63636364,10.90909091,,,,,
Queens,Brookville,40.66000323,-73.75175311,11413,33,23,25,26,713.2417949,274.173913,3.427215686,1.269230769,6306,85.68039216,33,28,13.10526316,3.726315789,249,70.8,0,6,683.75,4.525,2735,18.1,24,1,3.666666667,6,22,2,66.5,3.95,133,7.9,2,570,55,53,0.036363636,2015.545455,6.818181818,17.2,2015.396226,7,17.37735849,10.75471698,,,,,
Queens,Bellaire,40.73301404,-73.73889199,11364,62,43,54,57,515.7617309,222.255814,3.567211329,1.543859649,9557,192.6294118,88,23,15.18181818,4.381818182,167,48.2,0,10,93.88888889,4.6,845,41.4,17,,,0,0,3,358,3.933333333,1074,11.8,1,336,18,17,0.055555556,2015.444444,7.388888889,14.88888889,2015.058824,7.823529412,17.64705882,19.76470588,,,,,
Queens,North Corona,40.754071,-73.85751791,11368,82,62,67,70,607.8558264,339.3064516,3.914632719,1.542857143,21037,262.2803922,108,39,23.58333333,4.129166667,566,99.1,0,17,194.0714286,4.2,2717,58.8,29,5.8125,4.175,93,66.8,14,270.6153846,4.130769231,3518,53.7,16,2931,206,190,0.077669903,2017.631068,6.412621359,15.51941748,2017.863158,6.557894737,16,15.42631579,27,27,7.407407407,18,1
Queens,Forest Hills Gardens,40.71461108,-73.84102211,11375,72,56,72,71,682.8584942,535.1071429,3.867538126,1.788732394,29966,278.4627451,127,29,29.07692308,3.926923077,756,102.1,0,16,91.42857143,4.435714286,1280,62.1,32,11.3125,3.95625,181,63.3,10,333.8888889,4.2,3005,37.8,7,1038,77,70,0.090909091,2017.493506,6.844155844,15.18181818,2017.4,7.285714286,16.98571429,14.82857143,1,1,8,9,1
Staten Island,St. George,40.64498157,-74.07935313,10301,25,0,14,24,424.52,,3.386554622,1.708333333,0,47.41176471,41,,,,,,,,,,,,,,,,,,,,,,,,,,,,,,,,,,,,,,
Staten Island,New Brighton,40.64061456,-74.08701651,10301,25,0,9,21,773.08,,3.605664488,1.428571429,0,32.45098039,30,,,,,,,,,,,,,,,,,,,,,,,,,,,,,,,,,,,,,,
Staten Island,Stapleton,40.62692763,-74.07790193,10301,25,0,9,23,402.4,,3.239651416,1.434782609,0,29.15686275,33,,,,,,,,,,,,,,,,,,,,,,,,,,,,,,,,,,,,,,
Staten Island,Rosebank,40.61530495,-74.06980527,10305,25,0,12,24,371.32,,3.405228758,1.583333333,0,40.8627451,38,,,,,,,,,,,,,,,,,,,,,,,,,,,,,,,,,,,,,,
Staten Island,West Brighton,40.63187893,-74.10718178,10301,25,0,17,21,327.6,,3.389850058,1.380952381,0,57.62745098,29,,,,,,,,,,,,,,,,,,,,,,,,,,,,,,,,,,,,,,
Staten Island,Grymes Hill,40.62418479,-74.0872482,10304,17,0,4,10,797.7647059,,3.392156863,1.6,0,13.56862745,16,,,,,,,,,,,,,,,,,,,,,,,,,,,,,,,,,,,,,,
Staten Island,Todt Hill,40.59706852,-74.11132882,,0,0,0,0,,,,,0,0,0,,,,,,,,,,,,,,,,,,,,,,,,,,,,,,,,,,,,,,
Staten Island,South Beach,40.58024741,-74.07955293,10305,2,0,1,2,323.5,,3.274509804,1.5,0,3.274509804,3,,,,,,,,,,,,,,,,,,,,,,,,,,,,,,,,,,,,,,
Staten Island,Port Richmond,40.63366931,-74.12943427,10310,67,47,54,62,610.0104406,215.8085106,3.859477124,1.580645161,10143,208.4117647,98,21,11.93333333,4.106666667,179,61.6,0,3,54,4.2,162,12.6,19,1,4,1,4,2,114,3.8,228,7.6,5,1752,119,114,0.042016807,2017.403361,6.386554622,15.55462185,2017.368421,6.798245614,16.53508772,15.36842105,,,,,
Staten Island,Mariner's Harbor,40.63254639,-74.15008537,10302,25,0,14,23,754.56,,3.352941176,1.52173913,0,46.94117647,35,,,,,,,,,,,,,,,,,,,,,,,,,,,,,,,,,,,,,,
Staten Island,Port Ivory,40.63968298,-74.17464533,10303,3,0,0,1,958.3333333,,,1,0,0,1,,,,,,,,,,,,,,,,,,,,,,,,,,,,,,,,,,,,,,
Staten Island,Castleton Corners,40.61333594,-74.11918059,10314,25,0,17,24,457.24,,3.205305652,1.333333333,0,54.49019608,32,,,,,,,,,,,,,,,,,,,,,,,,,,,,,,,,,,,,,,
Staten Island,New Springville,40.59425238,-74.16496031,10314,22,0,7,16,546.6818182,,2.680672269,1.1875,0,18.76470588,19,,,,,,,,,,,,,,,,,,,,,,,,,,,,,,,,,,,,,,
Staten Island,Travis,40.58631375,-74.19073718,10314,11,0,3,6,521.4545455,,3.196078431,1.5,0,9.588235294,9,,,,,,,,,,,,,,,,,,,,,,,,,,,,,,,,,,,,,,
Staten Island,New Dorp,40.57257232,-74.11647944,10306,25,0,23,25,522.16,,3.236999147,1.52,0,74.45098039,38,,,,,,,,,,,,,,,,,,,,,,,,,,,,,,,,,,,,,,
Staten Island,Oakwood,40.55846224,-74.12156594,10306,15,0,4,9,844.2666667,,2.725490196,1.444444444,0,10.90196078,13,,,,,,,,,,,,,,,,,,,,,,,,,,,,,,,,,,,,,,
Staten Island,Great Kills,40.54948023,-74.14932381,10308,25,0,17,25,511.72,,3.223760092,1.92,0,54.80392157,48,,,,,,,,,,,,,,,,,,,,,,,,,,,,,,,,,,,,,,
Staten Island,Eltingville,40.54223075,-74.1643308,10312,25,0,20,25,294.44,,3.050980392,1.52,0,61.01960784,38,,,,,,,,,,,,,,,,,,,,,,,,,,,,,,,,,,,,,,
Staten Island,Annadale,40.53811417,-74.17854866,10312,20,0,4,16,399.3,,3.039215686,1.5625,0,12.15686275,25,,,,,,,,,,,,,,,,,,,,,,,,,,,,,,,,,,,,,,
Staten Island,Woodrow,40.54196762,-74.20524582,10309,9,0,5,7,189.7777778,,3.039215686,1.285714286,0,15.19607843,9,,,,,,,,,,,,,,,,,,,,,,,,,,,,,,,,,,,,,,
Staten Island,Tottenville,40.50533376,-74.24656934,10307,49,38,39,40,676.1353441,149.8157895,3.875465058,1.625,5693,151.1431373,65,6,8.666666667,3.5,26,10.5,0,6,181.2,4.36,906,21.8,25,1,5,2,10,1,259,4.3,259,4.3,2,429,28,26,0.071428571,2014.392857,7.142857143,14.57142857,2014.307692,7.615384615,17.03846154,16.5,,,,,
Staten Island,Tompkinsville,40.63731607,-74.08055352,10301,25,0,13,22,493.52,,3.358974359,1.409090909,0,43.66666667,31,,,,,,,,,,,,,,,,,,,,,,,,,,,,,,,,,,,,,,
Staten Island,Silver Lake,40.61919311,-74.09629029,10301,10,0,4,8,721.7,,3.450980392,1.625,0,13.80392157,13,,,,,,,,,,,,,,,,,,,,,,,,,,,,,,,,,,,,,,
Staten Island,Sunnyside,40.61276016,-74.09712552,10301,41,0,32,35,646.8536585,,3.845588235,1.485714286,0,123.0588235,52,,,,,,,,,,,,,,,,,,,,,,,,,,,,,,,,,,,,,,
Brooklyn,Ditmas Park,40.64367518,-73.96101312,11218,67,50,67,62,662.2772828,248.6,3.976294996,1.741935484,12430,266.4117647,108,25,18,4.3125,288,69,0,19,186.0666667,4.486666667,2791,67.3,24,28.5,3.525,114,14.1,13,470.6666667,4.283333333,5648,51.4,13,2215,167,155,0.077844311,2018.335329,7.053892216,14.09580838,2018.329032,7.15483871,15.34193548,14.29032258,11,11,7.636363636,16.18181818,1
Brooklyn,Wingate,40.66094656,-73.93718681,11213,61,40,50,51,671.5750763,322.675,3.726,1.588235294,12907,186.3,81,24,9.578947368,4.089473684,182,77.7,0,13,572,4.225,4576,33.8,30,5.2,3.94,78,59.1,18,175.625,4.06875,2810,65.1,22,4557,400,379,0.055,2016.83,6.5625,16.585,2016.841689,6.865435356,16.37994723,12.0237467,7,7,7.857142857,14.85714286,1
Brooklyn,Rugby,40.65557231,-73.92688213,11203,87,68,72,59,611.2098821,256.7058824,3.613208061,1.508474576,17456,260.1509804,89,49,10.4,4.1,416,164,0,7,327.7142857,4.242857143,2294,29.7,46,1.714285714,3.75,24,52.5,15,199,3.984615385,2587,51.8,23,-39769,251,228,0.091633466,2016.406375,6.756972112,15.5498008,2016.175439,6.99122807,16.14035088,-174.4254386,2,2,6.5,16,1
Staten Island,Park Hill,40.60919044,-74.08015735,10304,24,0,5,12,726.25,,2.960784314,1.583333333,0,14.80392157,19,,,,,,,,,,,,,,,,,,,,,,,,,,,,,,,,,,,,,,
Staten Island,Westerleigh,40.62109047,-74.13304144,10302,66,46,58,57,767.231312,266.1521739,3.85,1.50877193,12243,223.3,86,20,10,4.290909091,110,47.2,0,8,87,3.9125,696,31.3,34,1,5,4,20,9,47.57142857,4.228571429,333,29.6,6,907,72,67,0.083333333,2017.263889,6.597222222,15.41666667,2017.208955,6.552238806,16.62686567,13.53731343,,,,,
Staten Island,Graniteville,40.62017151,-74.15315246,10303,25,0,18,23,747.32,,2.973856209,1.565217391,0,53.52941176,36,,,,,,,,,,,,,,,,,,,,,,,,,,,,,,,,,,,,,,
Staten Island,Arlington,40.6353251,-74.1651042,10303,17,0,3,9,587.3529412,,2.333333333,1.111111111,0,7,10,,,,,,,,,,,,,,,,,,,,,,,,,,,,,,,,,,,,,,
Staten Island,Arrochar,40.59631257,-74.06712363,10305,24,0,7,15,477.625,,2.927170868,1.533333333,0,20.49019608,23,,,,,,,,,,,,,,,,,,,,,,,,,,,,,,,,,,,,,,
Staten Island,Grasmere,40.59826836,-74.07667436,10304,25,0,12,24,637.56,,3.261437908,1.666666667,0,39.1372549,40,,,,,,,,,,,,,,,,,,,,,,,,,,,,,,,,,,,,,,
Staten Island,Old Town,40.59632891,-74.08751118,10305,25,0,15,24,476.76,,3.175163399,1.666666667,0,47.62745098,40,,,,,,,,,,,,,,,,,,,,,,,,,,,,,,,,,,,,,,
Staten Island,Dongan Hills,40.58867295,-74.09639905,10305,25,0,16,24,483.68,,3.357843137,1.666666667,0,53.7254902,40,,,,,,,,,,,,,,,,,,,,,,,,,,,,,,,,,,,,,,
Staten Island,Midland Beach,40.57352691,-74.09348266,10306,25,0,8,22,798.16,,2.901960784,1.318181818,0,23.21568627,29,,,,,,,,,,,,,,,,,,,,,,,,,,,,,,,,,,,,,,
Staten Island,Grant City,40.57621559,-74.10585599,10306,25,0,22,25,547.96,,3.267379679,1.6,0,71.88235294,40,,,,,,,,,,,,,,,,,,,,,,,,,,,,,,,,,,,,,,
Staten Island,New Dorp Beach,40.56425549,-74.10432707,10306,25,0,14,24,685.2,,2.949579832,1.416666667,0,41.29411765,34,,,,,,,,,,,,,,,,,,,,,,,,,,,,,,,,,,,,,,
Staten Island,Bay Terrace,40.55398801,-74.13916622,10308,96,74,79,65,605.3019064,243.4864865,3.877587491,1.769230769,18018,306.3294118,115,31,21.3125,4.49375,341,71.9,0,9,33.85714286,4.028571429,237,28.2,35,14.5,4.4,29,8.8,2,783.5,4.2,1567,8.4,7,2261,83,76,0.084337349,2016.240964,6.686746988,14.98795181,2016.5,7.407894737,16.86842105,29.75,,,,,
Staten Island,Huguenot,40.53191192,-74.19174106,10312,10,0,2,5,183.6,,3.392156863,1.6,0,6.784313725,8,,,,,,,,,,,,,,,,,,,,,,,,,,,,,,,,,,,,,,
Staten Island,Pleasant Plains,40.52469938,-74.21983107,10309,16,0,6,13,578.8125,,3.222222222,1.307692308,0,19.33333333,17,,,,,,,,,,,,,,,,,,,,,,,,,,,,,,,,,,,,,,
Staten Island,Butler Manor,40.50608165,-74.2295035,,0,0,0,0,,,,,0,0,0,,,,,,,,,,,,,,,,,,,,,,,,,,,,,,,,,,,,,,
Staten Island,Charleston,40.53053148,-74.23215776,10309,25,0,12,22,695.52,,3.450980392,1.772727273,0,41.41176471,39,,,,,,,,,,,,,,,,,,,,,,,,,,,,,,,,,,,,,,
Staten Island,Rossville,40.54940401,-74.21572851,10309,18,0,8,11,552.5555556,,2.852941176,1.363636364,0,22.82352941,15,,,,,,,,,,,,,,,,,,,,,,,,,,,,,,,,,,,,,,
Staten Island,Arden Heights,40.54928582,-74.18588675,10312,7,0,3,6,701.1428571,,3.013071895,1.333333333,0,9.039215686,8,,,,,,,,,,,,,,,,,,,,,,,,,,,,,,,,,,,,,,
Staten Island,Greenridge,40.55529524,-74.17079415,10312,17,0,9,15,616.9411765,,2.65577342,1.4,0,23.90196078,21,,,,,,,,,,,,,,,,,,,,,,,,,,,,,,,,,,,,,,
Staten Island,Heartland Village,40.58913895,-74.15902208,10314,24,0,11,18,688.25,,2.625668449,1.166666667,0,28.88235294,21,,,,,,,,,,,,,,,,,,,,,,,,,,,,,,,,,,,,,,
Staten Island,Chelsea,40.59472603,-74.18956046,10314,41,0,30,35,503.5365854,,4.134640523,1.914285714,0,124.0392157,67,,,,,,,,,,,,,,,,,,,,,,,,,,,,,,,,,,,,,,
Staten Island,Bloomfield,40.60577868,-74.18725638,10314,7,0,2,3,661.2857143,,2.137254902,1,0,4.274509804,3,,,,,,,,,,,,,,,,,,,,,,,,,,,,,,,,,,,,,,
Staten Island,Bulls Head,40.6095918,-74.15940949,10314,25,0,18,23,391.04,,2.803921569,1.434782609,0,50.47058824,33,,,,,,,,,,,,,,,,,,,,,,,,,,,,,,,,,,,,,,
Manhattan,Carnegie Hill,40.78268257,-73.95325647,10028,47,22,47,46,428.4801421,885.5454545,4.158948686,1.847826087,19482,195.4705882,85,12,29,4.327272727,319,47.6,0,8,601.2,4.52,3006,22.6,15,1.428571429,4,10,28,8,483.8333333,3.883333333,2903,23.3,12,1749,216,204,0.055555556,2017.611111,6.37962963,15.61574074,2017.666667,6.558823529,16.62745098,8.573529412,326,326,6.800613497,16.50613497,1
Manhattan,Noho,40.72325902,-73.98843368,10012,66,43,66,65,769.428809,2102.046512,4.284343434,2.246153846,90388,282.7666667,146,7,35,4.8,105,14.4,0,9,2850.555556,4.622222222,25655,41.6,17,12.58333333,3.708333333,151,44.5,7,136.6666667,3.966666667,820,23.8,13,1442,121,109,0.107438017,2016.53719,7.049586777,16.08264463,2016.440367,7.339449541,17.46788991,13.2293578,883,883,6.729331823,15.79501699,1
Manhattan,Civic Center,40.71522892,-74.0054153,10013,66,46,66,64,421.4993259,1549.934783,4.279055258,2.203125,71297,282.4176471,141,8,8.4,4.5,42,22.5,0,17,585.7857143,4.3,8201,60.2,20,27.22222222,3.655555556,245,32.9,14,585.2142857,4.364285714,8193,61.1,11,1665,173,163,0.063583815,2016.867052,6.76300578,14.89595376,2016.96319,6.889570552,16.70552147,10.21472393,978,978,6.789366053,16.19529652,1
Manhattan,Midtown South,40.74850966,-73.98871313,10016,52,28,52,50,437.9879071,1092.892857,4.252187029,2.18,30601,221.1137255,109,17,68.72727273,4.7,756,51.7,0,17,109.4615385,4.292307692,1423,55.8,15,73.66666667,3.933333333,221,11.8,6,1289,4.2,6445,21,12,989,117,105,0.102564103,2016.91453,6.307692308,16.29059829,2017.019048,6.361904762,17.27619048,9.419047619,721,721,6.685159501,16.08460472,1
Staten Island,Richmond Town,40.56960594,-74.1340573,10306,20,0,10,14,710.45,,3.039215686,1.5,0,30.39215686,21,,,,,,,,,,,,,,,,,,,,,,,,,,,,,,,,,,,,,,
Staten Island,Shore Acres,40.60971934,-74.06667766,10305,25,0,12,24,533.12,,3.241830065,1.5,0,38.90196078,36,,,,,,,,,,,,,,,,,,,,,,,,,,,,,,,,,,,,,,
Staten Island,Clifton,40.61917845,-74.07264245,10304,25,0,10,24,645,,3.556862745,1.583333333,0,35.56862745,38,,,,,,,,,,,,,,,,,,,,,,,,,,,,,,,,,,,,,,
Staten Island,Concord,40.60447319,-74.08402365,10305,148,129,134,104,629.0774554,183.1085271,3.869841967,1.644230769,23621,518.5588235,171,45,13.68,4.496,342,112.4,0,26,164.625,4.391666667,3951,105.4,112,2.53125,4.24375,81,135.8,5,392,4.04,1960,20.2,9,1835,108,98,0.083333333,2016.583333,6.787037037,15.71296296,2016.673469,7.051020408,17.92857143,18.7244898,,,,,
Staten Island,Emerson Hill,40.60679439,-74.09776207,10304,12,0,3,6,843.4166667,,2.594771242,1.166666667,0,7.784313725,7,,,,,,,,,,,,,,,,,,,,,,,,,,,,,,,,,,,,,,
Staten Island,Randall Manor,40.63563001,-74.09805062,10301,99,80,89,71,686.709373,178.625,3.826481604,1.704225352,14290,340.5568627,121,55,11.96774194,4.138709677,371,128.3,0,41,312.5,4.426470588,10625,150.5,94,28.86363636,4.104545455,635,90.3,3,342,4,1026,12,5,1795,123,118,0.040650407,2017.195122,6.284552846,16.03252033,2017.305085,6.313559322,15.75423729,15.21186441,11,11,6.363636364,12.54545455,1
Staten Island,Howland Hook,40.63843284,-74.18622332,7202,3,0,1,2,864.6666667,,2.725490196,1.5,0,2.725490196,3,,,,,,,,,,,,,,,,,,,,,,,,,,,,,,,,,,,,,,
Staten Island,Elm Park,40.63014674,-74.14181679,10303,63,42,52,48,742.3372114,236.3809524,3.472021116,1.4375,9928,180.545098,69,15,6.777777778,4.166666667,61,37.5,0,7,73,4.15,438,24.9,40,1.444444444,3.555555556,13,32,3,421,3.766666667,1263,11.3,5,1560,87,82,0.057471264,2016.321839,6.712643678,15.18390805,2016.536585,7.451219512,15.26829268,19.02439024,,,,,
Brooklyn,Remsen Village,40.65211745,-73.91665332,11236,24,0,9,20,569.7083333,,2.734204793,1.55,0,24.60784314,31,,,,,,,,,,,,,,,,,,,,,,,,,,,,,,,,,,,,,,
Brooklyn,New Lots,40.66274428,-73.88511776,11207,25,0,11,24,645.2,,2.6114082,1.333333333,0,28.7254902,32,,,,,,,,,,,,,,,,,,,,,,,,,,,,,,,,,,,,,,
Brooklyn,Paerdegat Basin,40.63131755,-73.90233474,11236,79,63,65,48,746.7878895,165.4444444,3.482745098,1.416666667,10423,226.3784314,68,40,11.42307692,4.023076923,297,104.6,0,6,591.3333333,4.266666667,3548,25.6,32,1.3,4.3,13,43,5,341.25,4.05,1365,16.2,23,1430,153,131,0.150326797,2016.137255,7.045751634,16.37254902,2016.10687,7.229007634,17.29007634,10.91603053,,,,,
Brooklyn,Mill Basin,40.61597424,-73.91515392,11234,127,107,119,93,650.4066254,462.0093458,3.655972977,1.698924731,49435,435.0607843,158,54,17.39393939,4.481818182,574,147.9,0,16,103.4545455,4.3,1138,47.3,90,1.153846154,4.384615385,15,57,10,578.875,4.175,4631,33.4,19,1292,124,106,0.153225806,2017,6.346774194,16.4516129,2016.877358,6.377358491,17.06603774,12.18867925,,,,,
Queens,Jamaica Hills,40.71145964,-73.79646462,11432,90,75,79,77,741.428941,283.64,3.742913874,1.38961039,21273,295.6901961,107,40,40.17857143,3.792857143,1125,106.2,0,12,172.7,4.07,1727,40.7,46,11.52380952,3.819047619,242,80.2,19,387.2777778,4.088888889,6971,73.6,14,1804,120,108,0.116666667,2016.208333,6.358333333,16.03333333,2016.648148,7.027777778,16.94444444,16.7037037,,,,,
Queens,Utopia,40.73350025,-73.79671678,11365,25,0,20,24,743.48,,3.156862745,1.458333333,0,63.1372549,35,,,,,,,,,,,,,,,,,,,,,,,,,,,,,,,,,,,,,,
Queens,Pomonok,40.73493618,-73.8048612,11365,61,45,52,55,637.4287438,462,3.732126697,1.490909091,20790,194.0705882,82,31,17.19047619,4.252380952,361,89.3,0,10,51,4.483333333,306,26.9,25,1.333333333,4,4,12,7,388.2857143,4.1,2718,28.7,0,210,19,19,0,2016.315789,6,15.21052632,2016.315789,6.263157895,18.36842105,11.05263158,,,,,
Queens,Astoria Heights,40.77031739,-73.89467996,11105,75,55,63,70,882.6238394,469.8727273,4.045066916,1.642857143,25843,254.8392157,115,18,17.375,4.525,139,36.2,0,10,65.22222222,4.044444444,587,36.4,16,1.666666667,4.1,5,12.3,5,432,4.26,2160,21.3,15,1392,130,115,0.115384615,2019.861538,6.884615385,14.28461538,2019.747826,6.686956522,16.35652174,12.10434783,11,11,6.545454545,19.54545455,1
Bronx,Claremont Village,40.83142834,-73.90119903,10459,49,26,28,31,564.0434744,100.1153846,3.932703081,1.258064516,2603,110.1156863,39,15,14.5,3.72,145,37.2,0,17,140.7857143,4.1,1971,57.4,15,1.5,4.375,6,17.5,12,285.2,3.98,2852,39.8,19,3697,296,277,0.064189189,2016.614865,6.655405405,15.60135135,2016.812274,6.945848375,15.42960289,13.3465704,,,,,
Bronx,Concourse Village,40.82478049,-73.91584653,10456,57,34,49,43,562.8527409,151.2647059,3.582553021,1.534883721,5143,175.545098,66,26,20.71428571,3.633333333,435,76.3,0,22,61.63157895,4.047368421,1171,76.9,23,2.4,4.27,24,42.7,20,167.5882353,4.035294118,2849,68.6,23,4149,462,441,0.04978355,2016.560606,6.727272727,15.1038961,2016.687075,6.897959184,16.02040816,9.408163265,,,,,
Bronx,Mount Eden,40.84382618,-73.91655552,10452,60,37,42,49,608.8200729,168.1351351,3.66022409,1.244897959,6221,153.7294118,61,16,22.42857143,4.3,314,60.2,0,23,238.2727273,4.190909091,5242,92.2,27,19.6,4.43,196,44.3,16,149.6875,3.85625,2395,61.7,10,1747,261,251,0.038314176,2016.915709,6.486590038,15.60153257,2017.039841,6.569721116,15.53784861,6.960159363,6,6,7.5,17,1
Bronx,Mount Hope,40.84884161,-73.90829931,10453,56,32,34,35,489.973489,206.96875,3.737946943,1.342857143,6623,127.0901961,47,26,14.8,3.95,296,79,0,23,144.1428571,4.123809524,3027,86.6,37,7.095238095,4.028571429,149,84.6,22,155,4.09,3100,81.8,30,3832,347,320,0.086455331,2016.997118,6.337175793,15.86743516,2017.246875,6.609375,15.11875,11.975,,,,,
Manhattan,Sutton Place,40.76028033,-73.96355614,10065,42,21,42,41,583.240252,597.4285714,4.235294118,2.43902439,12546,177.8823529,100,12,63.3,4.21,633,42.1,0,8,653.5,4.366666667,3921,26.2,8,273.5,4.15,547,8.3,5,199,4.1,995,20.5,9,879,68,60,0.132352941,2016.176471,6.529411765,13.88235294,2016.583333,6.583333333,14.7,14.65,333,333,6.564564565,15.59459459,1
Queens,Hunters Point,40.74341409,-73.95386782,11101,24,0,24,23,171.7083333,,4.163398693,1.739130435,0,99.92156863,40,,,,,,,,,,,,,,,,,,,,,,,,,,,,,,,,,,,,,,
Manhattan,Turtle Bay,40.75204237,-73.96770825,10022,62,40,62,59,781.210454,1215.875,4.208096142,2.338983051,48635,260.9019608,138,14,40.625,4.3875,325,35.1,0,14,637.6923077,4.584615385,8290,59.6,13,32.75,3.875,131,15.5,5,832.5,4.2,3330,16.8,6,816,88,82,0.068181818,2016.556818,6.715909091,15.79545455,2016.402439,6.93902439,14.81707317,9.951219512,965,965,6.622797927,15.95854922,1
Manhattan,Tudor City,40.74691741,-73.97121929,10017,48,24,48,44,1771.57544,1327.416667,4.253186275,2.340909091,31858,204.1529412,103,4,49,4.266666667,147,12.8,0,15,117.3333333,4.077777778,1056,36.7,10,908.2857143,4.385714286,6358,30.7,6,436.5,4.283333333,2619,25.7,1,170,17,16,0.058823529,2016.529412,7.941176471,15.11764706,2016.9375,8.3125,19.4375,10.625,607,607,6.761120264,16.07907743,1
Manhattan,Stuyvesant Town,40.73099955,-73.9740517,10009,57,38,57,55,562.9855658,874.5,4.236016512,1.854545455,33231,241.4529412,102,14,10.18181818,4.009090909,112,44.1,0,21,512.1,4.205,10242,84.1,27,2.818181818,3.736363636,31,41.1,9,365.8888889,3.977777778,3293,35.8,28,2563,327,299,0.085626911,2017.110092,6.657492355,16.03058104,2017.274247,6.879598662,15.65217391,8.571906355,409,409,7.039119804,15.74816626,1
Manhattan,Flatiron,40.73967305,-73.99094711,10011,62,37,62,60,598.5072391,1710.810811,4.278273245,2.383333333,63300,265.2529412,143,28,18.56521739,4.22173913,427,97.1,0,13,5626.2,4.57,56262,45.7,18,9.1,4.1,91,41,8,288.8333333,3.916666667,1733,23.5,15,1779,194,180,0.077319588,2017.5,6.984536082,16.29896907,2017.638889,7.438888889,16,9.883333333,1068,1068,6.74906367,15.78183521,1
Queens,Sunnyside Gardens,40.74565181,-73.91819286,11104,61,45,61,60,542.0210834,356.7555556,4.174606236,1.6,16054,254.6509804,96,9,18,4.06,90,20.3,0,6,164.8333333,4.716666667,989,28.3,20,16,3.58,80,17.9,9,305.5555556,4.211111111,2750,37.9,8,1204,91,84,0.087912088,2018.351648,6.758241758,16.31868132,2018.309524,7.214285714,16.10714286,14.33333333,4,4,7.5,21.5,1
Queens,Blissville,40.73725072,-73.93244235,11101,25,0,17,24,726.8,,3.399077278,1.416666667,0,57.78431373,34,,,,,,,,,,,,1,1,1,1,1,,,,,,,,,,,,,,,,,,,,,,
Brooklyn,Fulton Ferry,40.70328109,-73.99550752,11201,25,0,25,24,396.68,,4.303529412,1.791666667,0,107.5882353,43,,,,,,,,,,,,,,,,,,,,,,,,,,,,,,,,,,,,,,
Brooklyn,Vinegar Hill,40.7033215,-73.98111604,11201,25,0,25,23,604.36,,4.171764706,1.47826087,0,104.2941176,34,,,,,,,,,,,,,,,,,,,,,,,,,,,,,,,,,,,,,,
Brooklyn,Weeksville,40.67503987,-73.93053109,11233,53,35,46,45,635.0616353,356.0857143,3.868584825,1.511111111,12463,177.954902,68,27,10.94736842,4.015789474,208,76.3,0,28,135.0952381,4.252380952,2837,89.3,17,11,4.65,44,18.6,8,222.375,4.275,1779,34.2,67,6918,562,501,0.119217082,2016.752669,6.533807829,15.70640569,2016.816367,6.748502994,15.64071856,13.80838323,4,4,6.75,22,1
Brooklyn,Broadway Junction,40.67786105,-73.90331685,11207,25,0,6,21,687.32,,2.751633987,1.285714286,0,16.50980392,27,,,,,,,,,,,,,,,,,,,,,,,,,,,,,,,,,,,,,,
Brooklyn,Dumbo,40.70317633,-73.98875281,11201,122,105,121,115,631.3622798,705.8571429,4.086647221,1.939130435,74115,494.4843137,223,47,25.12820513,4.094871795,980,159.7,0,47,1301.619048,4.457142857,54668,187.2,62,15.45714286,3.94,541,137.9,13,730.5,3.875,8766,46.5,19,3795,247,229,0.076923077,2017.234818,7.194331984,15.93927126,2017.318777,7.427947598,16.73799127,16.5720524,355,355,7.011267606,15.82535211,1
Staten Island,Manor Heights,40.60180958,-74.120594,10314,20,0,6,15,574.5,,3.379084967,1.4,0,20.2745098,21,,,,,,,,,,,,,,,,,,,,,,,,,,,,,,,,,,,,,,
Staten Island,Willowbrook,40.60370693,-74.13208447,10314,200,184,184,137,730.1247666,193.0217391,3.654678176,1.693430657,35516,672.4607843,232,94,11.86046512,4.374418605,510,188.1,0,24,148.6190476,4.29047619,3121,90.1,136,1.444444444,4.07037037,39,109.9,8,874.375,4.15,6995,33.2,15,3590,197,183,0.076142132,2016.233503,6.431472081,15.75634518,2016.437158,6.781420765,16.89617486,19.61748634,,,,,
Staten Island,Sandy Ground,40.54113992,-74.21776636,10309,11,0,7,9,910.8181818,,2.915966387,1.222222222,0,20.41176471,11,,,,,,,,,,,,,,,,,,,,,,,,,,,,,,,,,,,,,,
Staten Island,Egbertville,40.57911874,-74.12727241,10306,9,0,2,4,634.7777778,,2.764705882,1.25,0,5.529411765,5,,,,,,,,,,,,,,,,,,,,,,,,,,,,,,,,,,,,,,
Queens,Roxbury,40.56737589,-73.8921376,11697,9,6,6,4,383.7244667,150.6666667,4.116666667,1.75,904,24.7,7,2,,,0,0,0,5,2.75,5,11,20,3,1.5,3.5,3,7,1,,,0,0,,,,,,,,,,,,,,,,,
Brooklyn,Homecrest,40.5985251,-73.95918459,11229,25,0,18,22,394.44,,2.782135076,1.590909091,0,50.07843137,35,,,,,,,,,,,,,,,,,,,,,,,,,,,,,,,,,,,,,,
Queens,Middle Village,40.71641451,-73.88114319,11379,47,28,41,43,611.3130611,328.0714286,3.810521282,1.465116279,9186,156.2313725,63,20,16.46153846,4.315384615,214,56.1,0,6,961.5,4.55,3846,18.2,18,1,3.6,5,18,3,220.3333333,3.833333333,661,11.5,12,1667,118,106,0.101694915,2016.720339,6.983050847,15.23728814,2016.971698,7.122641509,16.51886792,15.72641509,,,,,
Staten Island,Prince's Bay,40.52626407,-74.20152556,10312,91,82,86,70,347.037984,169.9390244,3.58504332,1.585714286,13935,308.3137255,111,39,14.8,4.195,296,83.9,0,17,41.13333333,4.213333333,617,63.2,70,7.166666667,4.1,86,49.2,2,322,4.2,644,8.4,,,,,,,,,,,,,,,,,
Staten Island,Lighthouse Hill,40.57650629,-74.13792664,10306,132,124,126,92,762.6318438,210.0322581,3.757765328,1.706521739,26044,473.4784314,157,54,10.12,4.012,253,100.3,0,21,154.75,4.315,3095,86.3,125,3.238095238,4.047619048,68,85,4,513.75,4.275,2055,17.1,16,2819,155,140,0.103225806,2015.722581,6.374193548,14.89032258,2016.007143,6.921428571,16.35,20.13571429,,,,,
Staten Island,Richmond Valley,40.51954146,-74.22957081,10309,101,81,91,79,637.1277792,210.9506173,3.746132299,1.683544304,17087,340.8980392,133,25,11.53333333,4.293333333,173,64.4,0,25,56.23809524,4.542857143,1181,95.4,80,3.333333333,3.8,60,68.4,3,91,3.766666667,273,11.3,,,,,,,,,,,,,,,,,
Queens,Malba,40.79060156,-73.82667757,11357,71,50,61,55,721.9616401,185.9,3.859048537,1.636363636,9295,235.4019608,90,38,14.73913043,4.504347826,339,103.6,0,11,260.625,4.4125,2085,35.3,44,1.888888889,3.833333333,17,34.5,5,292.2,4.12,1461,20.6,7,1613,88,82,0.079545455,2016.693182,6.659090909,16.89772727,2016.560976,7.170731707,16.35365854,19.67073171,,,,,
Brooklyn,Highland Park,40.68199893,-73.89034571,11207,95,78,79,71,701.6825515,259.4487179,3.63194341,1.38028169,20237,286.9235294,98,37,13.5,3.940909091,297,86.7,0,42,79.64,4.08,1991,102,39,14.55555556,3.655555556,131,32.9,18,303.2941176,4.047058824,5156,68.8,67,5602,540,475,0.124074074,2016.796296,6.822222222,15.61481481,2016.829474,7.187368421,16.52210526,11.79368421,1,1,7,18,1
Brooklyn,Madison,40.6093777,-73.94841515,11229,89,70,77,78,704.9902235,266,3.793099058,1.512820513,18620,292.0686275,118,33,19.23809524,4.152380952,404,87.2,0,9,659.375,3.8,5275,30.4,24,1.6,4.7,8,23.5,17,306.8125,4.04375,4909,64.7,4,783,71,68,0.056338028,2017.605634,6.85915493,16.01408451,2017.558824,7.117647059,17.51470588,11.51470588,,,,,
Bronx,Bronxdale,40.85272298,-73.86172578,10462,88,68,87,82,638.5297126,425.1323529,3.696934866,1.524390244,28909,321.6333333,125,30,40.90909091,4.086363636,900,89.9,0,16,78,4.35,1092,60.9,35,3.5,3.775,56,60.4,23,206.7727273,4.254545455,4549,93.6,23,1701,260,241,0.088461538,2016.757692,6.546153846,15.93461538,2016.858921,6.925311203,15.38589212,7.058091286,,,,,
Bronx,Allerton,40.86578788,-73.85931863,10467,82,66,74,64,515.2963234,182.9848485,3.681849497,1.21875,12077,272.4568627,78,35,13.03571429,4.078571429,365,114.2,0,24,326.4285714,4.119047619,6855,86.5,32,11.66666667,4.5,70,27,18,352.2777778,4.038888889,6341,72.7,29,3483,508,480,0.057086614,2016.271654,6.549212598,15.31889764,2016.4375,6.783333333,15.20416667,7.25625,,,,,
Bronx,Kingsbridge Heights,40.87039239,-73.90152265,10468,58,40,44,52,589.6386867,420.075,3.667201426,1.307692308,16803,161.3568627,68,26,35.36842105,4.236842105,672,80.5,0,18,276.1666667,4.116666667,3314,49.4,20,2.25,4.525,9,18.1,12,311.75,4.091666667,3741,49.1,29,2538,354,326,0.081920904,2016.912429,6.282485876,15.27683616,2017.125767,6.45398773,15.35276074,7.785276074,,,,,
Brooklyn,Erasmus,40.64692607,-73.9481771,11226,77,61,70,65,585.5142995,292.9016393,3.845854342,1.523076923,17867,269.2098039,99,30,18.86363636,4.295454545,415,94.5,0,10,34.33333333,4.466666667,206,26.8,47,9.32,3.872,233,96.8,18,192.3529412,3.835294118,3270,65.2,49,6281,546,500,0.08974359,2018.214286,6.503663004,15.21611722,2018.184,6.702,15.69,12.562,7,7,6.571428571,19.28571429,1
Manhattan,Hudson Yards,40.75665808,-74.00011136,10001,62,41,62,59,1964.460545,1529.02439,4.20113852,1.915254237,62690,260.4705882,113,28,72.46666667,4.413333333,1087,66.2,0,28,179.4090909,4.613636364,3947,101.5,29,98.47619048,3.628571429,2068,76.2,4,1899,4.3,7596,17.2,13,873,117,104,0.111111111,2017.307692,7.102564103,14.29059829,2017.596154,7.432692308,14.31730769,8.394230769,970,970,6.845360825,15.81340206,1
Queens,Hammels,40.58733774,-73.80553003,11693,58,41,53,49,631.065083,231.6097561,3.894376619,1.408163265,9496,206.4019608,69,11,13,4.133333333,39,12.4,0,17,114.8,4.093333333,1722,61.4,18,8.666666667,4.311111111,78,38.8,2,505,3.7,1010,7.4,2,446,13,11,0.153846154,2015.461538,6.769230769,15.23076923,2015.363636,8.090909091,20.72727273,40.54545455,,,,,
Queens,Bayswater,40.61132169,-73.76596781,11691,48,45,45,26,530.5107164,131.4666667,3.615947712,1.153846154,5916,162.7176471,30,32,15.08333333,3.854166667,362,92.5,0,18,93.46153846,4.253846154,1215,55.3,30,12.25,3.85,147,46.2,10,222.2,4.09,2222,40.9,7,1404,71,63,0.098591549,2017.112676,6.76056338,15.71830986,2017.68254,7.428571429,15.20634921,22.28571429,,,,,
Queens,Queensbridge,40.7560913,-73.9456307,11101,101,84,99,88,860.36163,492.4047619,4.024836601,1.852272727,41362,398.4588235,163,48,34.79411765,4.388235294,1183,149.2,0,36,252.5666667,4.366666667,7577,131,63,19.81818182,3.509090909,436,77.2,9,400.4285714,3.985714286,2803,27.9,19,2151,184,165,0.10326087,2017.331522,6.635869565,16.04347826,2017.254545,7.03030303,14.87272727,13.03636364,91,91,7.087912088,16.27472527,1
Staten Island,Fox Hills,40.61731079,-74.08173992,10304,94,81,83,57,699.1839141,158.308642,3.860477203,1.631578947,12823,320.4196078,93,41,12.26315789,3.957894737,233,75.2,0,20,52.61111111,4.488888889,947,80.8,80,3.72,4.308,93,107.7,6,212.5,4.133333333,1275,24.8,8,2029,109,103,0.073394495,2015.623853,6.798165138,16.57798165,2015.679612,7.398058252,16.88349515,19.69902913,4,4,8,20.5,1
