Borough,Neighbourhood,Latitude,Longitude,Zipcode,Median_Cost_Per_Studio,Median_Cost_Per_1_Bed,Median_Cost_Per_2_Bed,Avg_Cost_Per_Studio,Avg_Cost_Per_1_Bed,Avg_Cost_Per_2_Bed,Avg_Cost_Per_3_Bed,Restaurant_Count_Name,Restaurant_Mean_Distance (m),Restaurant_Mean_Rating,Restaurant_Mean_Price,Restaurant_Sum_Reviews,School_Count_Name,Park_Count_Name,Transit_Count_Name,Grocery_Count_Name,Rat_Mean_Case Open?,Rat_Mean_Days Complaint Open,Uber_Sum_Ride Count,Uber_Mean_Ride Count,Resto_Cluster,Transport_Cluster,Location_Cluster,Resto_Rat_Cluster,POI_Cluster
Bronx,Wakefield,40.89470518,-73.84720052,10466,1750,1665,1950,,,,,23,741.6086957,3.294117647,1.454545455,0,0,0,0,0,0,8.857142857,0,0,1,2,1,3,2
Bronx,Co-op City,40.87429419,-73.82993911,10475,,1500,1575,,,,,25,749.6,2.882352941,1.48,0,0,0,0,0,0,9.631578947,0,0,1,2,1,3,2
Bronx,Eastchester,40.88755568,-73.82780645,10466,,,,,,,,25,554.44,3.035947712,1.48,0,0,0,0,0,0,9.166666667,0,0,1,2,1,3,2
Bronx,Fieldston,40.89543743,-73.9056426,10471,,,,,,,,25,875.12,3.274509804,1.5,0,0,0,0,0,0,13.07692308,0,0,1,2,1,3,2
Bronx,Riverdale,40.89083449,-73.91258546,10463,2300,1850,2600,,,,,25,633.56,3.431372549,1.56,0,0,0,0,0,0,20.09166667,0,0,1,2,1,0,2
Bronx,Kingsbridge,40.88168737,-73.90281799,10463,947,1500,2198,,,,,25,532.28,3.839215686,1.4,0,0,0,0,0,0.010752688,6.991039427,1,1,1,0,1,3,2
Manhattan,Marble Hill,40.87655078,-73.91065966,10034,,3350,1825,,,,,25,639.96,3.343713956,1.28,0,0,0,0,0,0.003831418,11.66666667,0,0,1,1,1,3,2
Bronx,Woodlawn,40.89827261,-73.86731497,10466,,,1983,,,,,80,595.8220565,3.638829471,1.278688525,12558,38,5,32,12,0,5.864197531,2,1,1,0,1,3,0
Bronx,Norwood,40.87722416,-73.87939074,10458,2700,1600,1895,,,,,25,552.36,2.887955182,1.32,0,0,0,0,0,0,8.842032967,0,0,1,2,1,3,2
Bronx,Williamsbridge,40.88103888,-73.85744643,10467,3650,1600,2100,,,,,25,672.16,3.843137255,1.5,0,0,0,0,0,0.00511509,10.96419437,0,0,1,2,1,3,2
Bronx,Baychester,40.86685811,-73.8357976,10475,,,,,,,,58,633.759419,3.361764706,1.568627451,27375,25,7,20,4,0,14.52040816,0,0,1,2,1,1,2
Bronx,Pelham Parkway,40.8574135,-73.85475564,10461,,1450,2150,,,,,25,636.2,3.328808446,1.227272727,0,0,0,0,0,0,16.15942029,0,0,1,2,1,3,2
Bronx,City Island,40.8472467,-73.78648845,10464,1650,1350,2350,,,,,45,459.0398263,3.949690402,2.085714286,33815,5,5,12,1,0.02,1.9,4,1,1,0,1,2,2
Bronx,Bedford Park,40.87018516,-73.88551218,10467,,2825,2100,,,,,25,539.04,2.888386124,1.291666667,0,0,0,0,0,0.003984064,9.687250996,4,1,1,0,1,3,2
Bronx,University Heights,40.85572708,-73.91041596,10453,,1100,1995,,,,,24,625.2916667,3.065359477,1.5,0,0,0,0,0,0.007662835,8.400383142,1,1,1,0,1,3,2
Bronx,Morris Heights,40.84789793,-73.91967159,10453,,1685,1900,,,,,25,732.2,2.691876751,1.230769231,0,0,0,0,0,0.007836991,10.94357367,0,0,1,2,1,3,2
Bronx,Fordham,40.8609968,-73.89642656,10468,,1275,2025,,,,,25,747.68,3.736383442,1.304347826,0,0,0,0,0,0.008744038,9.512718601,0,0,1,2,1,3,2
Bronx,East Tremont,40.84269616,-73.88735618,10457,,1650,1900,,,,,51,662.5262519,3.476776961,1.311111111,8315,21,21,10,13,0.005952381,-1.130952381,0,0,1,2,1,3,0
Bronx,West Farms,40.83947506,-73.87774475,10460,,1600,1700,,,,,25,501.84,2.443137255,1.318181818,0,0,0,0,0,0.006872852,7.718213058,1,1,1,0,1,3,2
Bronx,High  Bridge,40.83662301,-73.92610209,10452,,,,,,,,25,678.56,2.931372549,1.5,0,0,0,0,0,0.009966777,7.106312292,1,1,1,0,1,3,2
Bronx,Melrose,40.81975437,-73.90942161,10455,,1550,2095,,,,,53,653.0954,3.78636788,1.382978723,8149,9,12,12,14,0.00979021,9.416783217,0,0,1,2,1,3,0
Bronx,Mott Haven,40.80623875,-73.91609987,10454,1627,1550,2295,,,,,25,678.72,3.281045752,1.375,0,0,0,0,0,0.004926108,9.262315271,4,1,1,0,1,3,2
Bronx,Port Morris,40.80166363,-73.91322139,10454,,,,,,,,73,645.1616449,4.01337535,1.472727273,7333,28,18,19,5,0,8.682926829,1,1,1,0,1,3,0
Bronx,Longwood,40.81509905,-73.8957882,10459,,3395,1563.5,,,,,23,641.5217391,3.204793028,1.260869565,0,0,0,0,0,0,0,0,0,1,2,1,3,2
Bronx,Hunts Point,40.80972988,-73.88331506,10474,,1550,1500,,,,,60,647.7076823,3.944619799,1.433333333,3596,14,8,15,9,0,4.666666667,0,0,1,2,1,3,2
Bronx,Morrisania,40.82359199,-73.90150649,10459,,1500,1879,,,,,23,699.7826087,3.362745098,1.5,0,0,0,0,0,0.012440191,-30.33779904,0,0,1,2,1,3,2
Bronx,Soundview,40.8210122,-73.8657461,10473,,,,,,,,23,536.5217391,2.549019608,1.181818182,0,0,0,0,0,0,15.14035088,0,0,1,2,1,0,2
Bronx,Clason Point,40.80655112,-73.85414416,10473,3000,1625,2100,,,,,7,780.2857143,0,1.666666667,0,0,0,0,0,0,8.264705882,0,0,1,2,1,3,2
Bronx,Throgs Neck,40.81510926,-73.81635002,10465,2288,1700,1950,,,,,20,660.05,3.519607843,1.571428571,0,0,0,0,0,0.01,13.29,0,0,1,2,1,3,2
Bronx,Country Club,40.84424594,-73.82409927,10461,,,,,,,,25,668.96,3.248366013,1.6,0,0,0,0,0,0,16.29508197,0,0,1,2,1,3,2
Bronx,Parkchester,40.83793782,-73.85600311,10462,1700,1700,1889,,,,,25,580.32,2.870286576,1.636363636,0,0,0,0,0,0.010714286,12.32142857,6,1,1,0,1,3,2
Bronx,Westchester Square,40.8406195,-73.84219408,10461,,1700,1725,,,,,25,455.16,3.099192618,1.375,0,0,0,0,0,0,12.59756098,1,1,1,0,1,3,2
Bronx,Van Nest,40.84360847,-73.86629918,10460,,1625,2200,,,,,54,533.495387,3.511437908,1.369565217,7408,22,21,28,12,0.002336449,8.28271028,0,0,1,2,1,3,0
Bronx,Morris Park,40.84754906,-73.85040178,10461,,1500,2050,,,,,25,626.76,3.091503268,1.47826087,0,0,0,0,0,0.007751938,11.97674419,0,0,1,2,1,3,2
Bronx,Belmont,40.8572771,-73.88845196,10458,,1400,1856,,,,,82,589.7970135,4.038247398,1.573333333,20614,22,28,38,12,0.003464203,10.75057737,5,1,1,0,1,1,0
Bronx,Spuyten Duyvil,40.88139498,-73.91719048,10463,,,,,,,,86,770.6330258,3.798395722,1.649350649,29501,33,32,44,11,0,14.85714286,0,0,1,2,1,1,0
Bronx,North Riverdale,40.90854283,-73.90453055,10471,,,,,,,,62,524.2815712,3.814669572,1.566037736,9662,28,17,27,3,0,21.13793103,0,0,1,2,1,0,0
Bronx,Pelham Bay,40.85064141,-73.83207378,10461,1945,1750,1950,,,,,117,584.6455097,3.951014792,1.574257426,33854,46,18,56,5,0.005988024,9.868263473,0,0,1,2,1,1,0
Bronx,Schuylerville,40.82657952,-73.82620276,10465,,,,,,,,25,486.88,3.411764706,1.391304348,0,0,0,0,0,0,9.104166667,0,0,1,2,1,3,2
Bronx,Edgewater Park,40.82198612,-73.81388514,10465,,,,,,,,87,623.8995393,3.649901961,1.630136986,21097,30,12,55,3,0,12.84745763,0,0,1,2,1,1,0
Bronx,Castle Hill,40.81901438,-73.8480273,10473,,1895,2300,,,,,53,781.9793772,3.373436041,1.529411765,8703,33,18,50,8,0,6.465517241,0,0,1,2,1,3,0
Bronx,Olinville,40.87137078,-73.86332362,10467,,,,,,,,24,561.5833333,3.381461676,1.181818182,0,0,0,0,0,0,0,0,0,1,2,1,3,2
Bronx,Pelham Gardens,40.86296562,-73.84161195,10469,,,2929,,,,,25,669.48,3.196078431,1.409090909,0,0,0,0,0,0,5.711267606,0,0,1,2,1,3,2
Bronx,Concourse,40.83428381,-73.91558942,10452,1450,2250,2000,,,,,25,693.24,2.794117647,1.363636364,0,0,0,0,0,0.011308562,8.242326333,3,1,1,0,1,3,2
Bronx,Unionport,40.8297743,-73.85053524,10472,,1650,1775,,,,,48,720.5627685,3.481666667,1.590909091,17290,16,11,6,6,0.006514658,8.758957655,0,0,1,2,1,3,2
Bronx,Edenwald,40.8845613,-73.84808272,10469,,,,,,,,89,730.3763156,3.553404139,1.447761194,18960,33,15,50,7,0,10.02316602,0,0,1,2,1,1,0
Brooklyn,Bay Ridge,40.62580107,-74.03062069,11209,2038,1750,2109,,,,,25,562.64,3.760784314,1.92,0,0,0,0,0,0,9.810055866,0,0,1,2,1,3,2
Brooklyn,Bensonhurst,40.6110089,-73.99517998,11214,4200,1500,1795,,,,,25,654.72,3.186851211,1.363636364,0,0,0,0,0,0,13.6969697,0,0,1,2,1,3,2
Brooklyn,Sunset Park,40.64510295,-74.01031619,11220,4000,1812.5,2000,1400,1912,2300,2500,47,584.041121,3.865174766,1.369565217,12112,20,3,17,19,0.004705882,12.42823529,0,0,1,2,1,3,0
Brooklyn,Greenpoint,40.73020098,-73.95424093,11222,2350,2400,2550,2347,2812,3708,5278,59,359.6518027,4.343436358,1.810344828,17627,19,19,15,9,0.001718213,14.89347079,81,1,1,0,1,1,0
Brooklyn,Gravesend,40.59526001,-73.97347088,11223,5800,1600,1838,,,,,88,597.8824311,3.961856209,1.577464789,30472,30,14,23,12,0,18.91304348,0,0,1,2,1,1,0
Brooklyn,Brighton Beach,40.57682507,-73.96509449,11235,2050,1575,2050,,,,,25,338.96,3.268907563,1.75,0,0,0,0,0,0,16.52434457,1,1,1,0,1,3,2
Brooklyn,Sheepshead Bay,40.58689013,-73.9431864,11235,1570,1665,2200,,,,,25,602.44,3.293333333,1.833333333,0,0,0,0,0,0,4.708333333,0,0,1,2,1,3,2
Brooklyn,Manhattan Terrace,40.61443251,-73.95743841,11230,,,,,,,,25,529.72,3.274509804,1.608695652,0,0,0,0,0,0.013605442,12.54421769,1,1,1,0,1,3,2
Brooklyn,Flatbush,40.63632589,-73.95840107,11218,1618,1800,2117,,,,,29,751.72,3.658350237,1.785714286,1128,15,11,9,3,0,0,6,1,1,0,1,3,2
Brooklyn,Crown Heights,40.67082918,-73.94329119,11225,1759,1850,2200,1806,2310,2582,3185,25,763.44,3.763921569,1.6,0,0,0,0,0,0.004756243,12.37098692,3,1,1,0,1,3,2
Brooklyn,East Flatbush,40.64171777,-73.93610256,11203,2700,1725,1950,,,,,18,562.8333333,3.013071895,2.090909091,0,0,0,0,0,0.02,10.07,0,0,1,2,1,2,2
Brooklyn,Kensington,40.64238196,-73.98042111,11218,2200,1850,2123,1724,1866,2925,3215,25,551.72,3.364145658,1.24,0,0,0,0,0,0,14.2565445,3,1,1,0,1,3,2
Brooklyn,Windsor Terrace,40.65694584,-73.9800734,11218,1600,1600,2952,1939,2563,2877,3679,25,654.24,4.090196078,1.44,0,0,0,0,0,0,15.50840336,15,1,1,0,1,3,2
Brooklyn,Prospect Heights,40.67682226,-73.96485924,11238,1916,2375,2700,2393,2823,3621,4320,25,361.2,4.391372549,1.958333333,0,0,0,0,0,0.003846154,11.47197802,13,1,1,0,1,3,2
Brooklyn,Brownsville,40.66394994,-73.91023536,11212,2000,1780,1888,,,,,70,576.3485016,3.628685548,1.224489796,7201,27,25,28,18,0.01994302,12.63817664,1,1,1,0,1,2,0
Brooklyn,Williamsburg,40.70714439,-73.95811529,11211,2491,2500,2584,2712,3166,4043,5081,25,633.72,4.441568627,2,0,0,0,0,0,0,0,3,1,1,0,1,3,2
Brooklyn,Bushwick,40.69811611,-73.92525797,11221,1731,2150,2100,2050,2373,2749,2851,43,474.5795396,4.190241678,1.6,4545,17,14,22,17,0.00255102,15.4047619,23,1,1,0,1,3,0
Brooklyn,Bedford Stuyvesant,40.68723161,-73.94178489,11216,1650,1975,2200,2044,2297,2611,3214,69,733.0791816,4.174367718,1.603174603,12270,13,16,8,17,0,13.1758034,7,1,1,0,1,1,0
Brooklyn,Brooklyn Heights,40.69586372,-73.99378225,11201,2750,2000,3450,2509,3270,5983,8654,25,534.84,4.397647059,2.16,0,0,0,0,0,0,0,108,1,1,0,1,3,2
Brooklyn,Cobble Hill,40.68791972,-73.99856139,11201,1200,1650,2700,2100,2734,4222,6122,25,423.2,4.36627451,2,0,0,0,0,0,0.003184713,16.09235669,66,1,1,0,1,3,2
Brooklyn,Carroll Gardens,40.68054023,-73.99465373,11201,2175,2400,3000,2271,2634,3914,5027,25,438.96,4.413333333,1.958333333,0,0,0,0,0,0,12.73318386,40,1,1,0,1,3,2
Brooklyn,Red Hook,40.67625323,-74.01275897,11231,1600,1750,2400,,2300,4287,,78,488.6277464,4.161664153,1.768115942,26719,24,31,37,8,0,12.69172932,7,1,1,0,1,1,0
Brooklyn,Gowanus,40.67393114,-73.99444087,11215,1750,1945,2350,2293,2796,3588,3687,25,614.64,4.444705882,1.75,0,0,0,0,0,0,16.87773488,0,0,1,2,1,3,2
Brooklyn,Fort Greene,40.68852726,-73.97290574,11205,2255,2825,3528.5,2957,2508,4213,6760,48,363.468469,4.238684641,1.956521739,12870,16,14,18,8,0,0,39,1,1,0,1,3,0
Brooklyn,Park Slope,40.67232052,-73.9770503,11215,2100,2475,2700,2795,2739,3422,4883,87,601.1109364,4.238269101,1.80952381,34123,40,24,27,16,0.002298851,11.27701149,67,1,1,0,1,1,0
Brooklyn,Cypress Hills,40.68239101,-73.87661596,11208,1800,1827,1993,,,,,84,519.5267375,3.647694007,1.263888889,18416,46,33,49,25,0.005797101,13.2173913,1,1,1,0,1,1,0
Brooklyn,East New York,40.6699257,-73.88069864,11207,1575,1750,1995,,,,,25,702.68,2.620915033,1.388888889,0,0,0,0,0,0.003787879,10.8844697,1,1,1,0,1,3,2
Brooklyn,Starrett City,40.64758905,-73.8793697,11207,,,,,,,,25,721.8,3.151260504,1.684210526,0,0,0,0,0,0,28.8,0,0,1,2,1,0,2
Brooklyn,Canarsie,40.63556433,-73.9020927,11236,2000,1500,1950,,,,,25,659.12,2.625668449,1.791666667,0,0,0,0,0,0.009009009,11.48648649,0,0,1,2,1,3,2
Brooklyn,Flatlands,40.63044604,-73.92911303,11236,1998,1653,2000,,,,,25,626.28,2.796791444,1.541666667,0,0,0,0,0,0,10.84,0,0,1,2,1,3,2
Brooklyn,Mill Island,40.60633642,-73.90818572,11234,,,,,,,,16,864.9375,3.243137255,1.363636364,0,0,0,0,0,0,14.875,0,0,1,2,1,3,2
Brooklyn,Manhattan Beach,40.5779135,-73.94353723,11235,,2300,2250,,,,,25,723.56,3.084033613,1.782608696,0,0,0,0,0,0,13.14634146,0,0,1,2,1,3,2
Brooklyn,Coney Island,40.57429256,-73.98868296,11224,,1550,2400,,,,,25,632.96,2.940144479,1.476190476,0,0,0,0,0,0,17.60294118,0,0,1,2,1,0,2
Brooklyn,Bath Beach,40.5995187,-73.99875221,11214,1599,2600,1825,,,,,78,608.5508293,3.859775087,1.575757576,17027,25,12,19,25,0.016233766,8.603896104,0,0,1,2,1,2,0
Brooklyn,Borough Park,40.63313051,-73.99049823,11219,2023,2098,1811.5,,,,,66,658.0252401,3.993540946,1.545454545,9447,29,9,25,25,0.018018018,9.441441441,0,0,1,2,1,2,0
Brooklyn,Dyker Heights,40.61921946,-74.01931376,11209,1475,1900,1900,,,,,25,740.44,3.213903743,1.68,0,0,0,0,0,0.01183432,11.73964497,1,1,1,0,1,3,2
Brooklyn,Gerritsen Beach,40.59084843,-73.93010171,11235,,1750,2600,,,,,131,586.0179925,3.838286004,1.771929825,57080,58,23,48,22,0,23.225,0,0,1,2,1,1,0
Brooklyn,Marine Park,40.60974778,-73.93134404,11234,,2250,2100,,,,,25,790.92,3.052287582,1.416666667,0,0,0,0,0,0,7.692307692,0,0,1,2,1,3,2
Brooklyn,Clinton Hill,40.69322942,-73.96784306,11238,1956,2521,3425,2409,2776,3450,4204,65,415.349132,4.21520362,1.876923077,23658,16,19,18,13,0.002059732,19.79814624,39,1,1,0,1,1,0
Brooklyn,Sea Gate,40.57637538,-74.00787311,11224,,,,,,,,45,725.2081152,3.471428571,1.545454545,25878,34,21,34,4,0,9.684210526,0,0,1,2,1,1,0
Brooklyn,Downtown,40.69084402,-73.98346337,11201,,,,,,,,25,463.32,4.457254902,2.16,0,0,0,0,0,0,0,1,1,1,0,1,3,2
Brooklyn,Boerum Hill,40.68568291,-73.98374824,11217,2446,2300,2750,2092,2854,4356,4921,63,533.0270168,4.225583567,2,29890,9,18,16,7,0.001592357,12.1656051,51,1,1,0,1,1,0
Brooklyn,Prospect Lefferts Gardens,40.65842002,-73.95489867,11225,,,,1933,2094,2911,3423,59,537.1064647,3.981854437,1.62962963,14668,11,18,10,11,0.004143646,11.72237569,5,1,1,0,1,1,0
Brooklyn,Ocean Hill,40.67840255,-73.91306832,11233,1700,1800,2100,,,,,24,584.5833333,2.990950226,1.25,0,0,0,0,0,0.011639185,13.13676043,2,1,1,0,1,3,2
Brooklyn,City Line,40.67856996,-73.86797598,11416,,,,,,,,44,620.8241887,3.447303922,1.418604651,6098,15,7,7,7,0.005602241,15.35854342,0,0,1,2,1,3,2
Brooklyn,Bergen Beach,40.61514955,-73.89855634,11234,,1600,1900,,,,,6,904.1666667,3.470588235,1.6,0,0,0,0,0,0,9.625,0,0,1,2,1,3,2
Brooklyn,Midwood,40.6255959,-73.95759523,11230,1600,1688,2000,,,,,25,724.44,3.189542484,1.47826087,0,0,0,0,0,0,10.46124031,0,0,1,2,1,3,2
Brooklyn,Prospect Park South,40.6470086,-73.96261317,11218,,1400,4650,,,,,25,710.96,3.751372549,1.68,0,0,0,0,0,0.00859375,14.59453125,11,1,1,0,1,3,2
Brooklyn,Georgetown,40.62384524,-73.91607484,11234,,,,,,,,25,653.96,3.284739983,1.68,0,0,0,0,0,0,0,0,0,1,2,1,3,2
Brooklyn,East Williamsburg,40.70849241,-73.93885815,11206,,,,,,,,46,909.4128787,4.206436488,1.76744186,17099,27,20,14,11,0.005610098,12.58485273,44,1,1,0,1,1,0
Brooklyn,North Side,40.71482291,-73.95880858,11211,,,,,,,,73,756.6645359,4.336637121,1.915492958,49097,22,33,36,16,0,0,75,1,1,0,1,1,0
Brooklyn,South Side,40.71086147,-73.95800095,11249,,,,,,,,47,666.6843553,4.324906133,1.826086957,29051,7,5,1,9,0.002089864,12.96865204,127,1,1,0,1,1,2
Brooklyn,Ocean Parkway,40.61305977,-73.96836678,11230,,,,,,,,68,742.4057791,3.804131653,1.644067797,17846,28,9,32,17,0,12.96323529,4,1,1,0,1,1,0
Brooklyn,Fort Hamilton,40.61476813,-74.03197915,11209,,,,,,,,91,556.4676929,4.06442577,1.822222222,30771,33,18,38,13,0,4.545454545,19,1,1,0,1,1,0
Manhattan,Chinatown,40.71561842,-73.99427936,10002,3000,2850,2200,,,,,25,381.08,4.432156863,1.772727273,0,0,0,0,0,0,0,28,1,1,0,1,3,2
Manhattan,Washington Heights,40.85190253,-73.93690028,10032,1650,1775,2163,1978,2039,2425,2859,33,576.879513,3.757278669,1.607142857,383,4,5,0,1,0.001061571,7.539278132,10,1,1,0,1,3,2
Manhattan,Inwood,40.86768396,-73.92121042,10034,1699,1733,2100,1657,1876,2273,2570,62,567.8278978,3.748039216,1.610169492,22149,18,17,16,12,0.00554785,10.59223301,19,1,1,0,1,1,0
Manhattan,Hamilton Heights,40.82360428,-73.94968792,10039,1937,2647,2400,1992,2118,2589,3174,30,596.3656548,3.767058824,1.655172414,1960,2,1,0,3,0.002588438,9.125970664,9,1,1,0,1,3,2
Manhattan,Manhattanville,40.81693443,-73.95738539,10031,,,,,,,,49,518.4714527,3.88947579,1.844444444,12651,10,18,18,8,0.03358209,7.634328358,0,0,1,2,1,2,0
Manhattan,Central Harlem,40.81597607,-73.94321113,10030,1713,2000,2667,,,,,40,545.4282108,3.900588235,1.710526316,17646,14,16,10,10,0.007808433,10.06663196,24,1,1,0,1,3,0
Manhattan,East Harlem,40.79224947,-73.94418223,10035,1600,2000,2300,2010,2367,3268,3880,45,618.7680041,4.018649237,1.627906977,16336,19,34,14,12,0,9.124394184,6,1,1,0,1,3,0
Manhattan,Upper East Side,40.77563857,-73.96050763,10028,1898,2395,3295,,,,,53,453.16,4.240473548,2.075471698,24647,28,31,38,10,0.004950495,10.21287129,295,1,1,3,1,1,0
Manhattan,Yorkville,40.77592985,-73.94711784,10075,,,,2215,2838,4181,7084,25,434.52,4.290980392,1.76,0,0,0,0,0,0,0,178,1,1,0,1,3,2
Manhattan,Lenox Hill,40.76811266,-73.95885969,10075,,,,2316,3277,5106,8553,37,437.0543241,4.348383678,2.028571429,8264,7,2,12,2,0.001550388,7.63875969,229,1,1,0,1,3,2
Manhattan,Roosevelt Island,40.76215961,-73.94916769,11106,,2050,4478,2696,3257,4411,5445,63,1097.814869,4.174696545,1.709677419,22473,14,6,14,12,0,0,1,1,1,0,1,1,0
Manhattan,Upper West Side,40.787658,-73.97705924,10024,1975,2750,4350,,,,,54,336.1745796,4.190958606,2.057692308,47372,16,23,15,6,0.002955665,12.1044335,201,1,1,0,1,1,0
Manhattan,Lincoln Square,40.77352889,-73.98533777,10023,,,,,,,,38,612.4183968,4.134262126,2.342105263,27370,15,15,18,9,0.023323615,12.29154519,61,1,1,0,1,2,0
Manhattan,Clinton,40.75910089,-73.99611936,10018,1250,1635,3325,,,,,54,944.5780762,4.271895425,2.075471698,38961,14,18,6,8,0,0,468,1,1,3,1,1,0
Manhattan,Midtown,40.7546911,-73.98166883,10017,2923,3175,4000,,,,,24,445.6666667,4.251633987,2.333333333,0,0,0,0,0,0,14,338,1,1,3,1,3,2
Manhattan,Murray Hill,40.7562146,-73.89554739,10016,2400,3350,4678,2474,3426,4653,6568,97,562.0441167,3.984127967,1.850574713,23931,20,8,13,2,0,10.04825737,355,1,1,3,1,1,0
Manhattan,Chelsea,40.66938037,-74.09633839,10014,2659.75,3365.75,5498,2794,4062,6997,11031,41,503.5365854,4.134640523,1.914285714,0,0,0,0,0,0.003824092,12.17112811,305,1,1,3,1,3,2
Manhattan,Greenwich Village,40.72693289,-73.99991403,10003,2400,3247,3675,2828,4116,8000,12418,79,1035.45311,4.258351948,2.102564103,106864,13,10,9,9,0.004712535,11.43355325,869,1,1,3,1,1,0
Manhattan,East Village,40.72784678,-73.98222617,10009,1850,2425,2933,2608,3280,4044,5289,25,329.96,4.388235294,1.826086957,0,0,0,0,0,0.002631579,11.61929825,369,1,1,3,1,3,2
Manhattan,Lower East Side,40.71780675,-73.98089032,10002,2275,2375,3195,2710,3524,4699,5543,57,620.7096448,4.24623323,1.962264151,73147,21,12,41,15,0.009353741,11.18707483,0,0,1,2,1,1,0
Manhattan,Tribeca,40.72152197,-74.01068329,10012,2538,3800,5625,3502,5543,9650,15886,25,498.28,4.369411765,2.08,0,0,0,0,0,0,0,446,1,1,3,1,3,2
Manhattan,Little Italy,40.71932379,-73.99730467,10013,1450,3000,3850,,,,,25,391,4.444705882,2.166666667,0,0,0,0,0,0,0,261,1,1,3,1,3,2
Manhattan,Soho,40.72218384,-74.00065667,10012,2443.5,2960,3675,,,,,25,409.92,4.438431373,2.208333333,0,0,0,0,0,0.008168028,11.36522754,553,1,1,3,1,3,2
Manhattan,West Village,40.73443394,-74.00617998,10014,2300,3310,4995,2765,4169,7026,11903,47,366.5302386,4.326574885,2.446808511,52854,10,20,24,4,0,8.429467085,699,1,1,3,1,1,0
Manhattan,Manhattan Valley,40.79730704,-73.96428618,10025,,,,,,,,64,484.7756023,4.138572304,1.75,27350,22,19,23,12,0.003833866,8.42428115,1,1,1,0,1,1,0
Manhattan,Morningside Heights,40.80799974,-73.96389628,10027,,,,2329,2929,3179,4105,62,633.0732159,4.085736875,1.762711864,43790,15,22,32,15,0.001150748,10.56041427,215,1,1,0,1,1,0
Manhattan,Gramercy,40.73720983,-73.98137595,10010,2405,3513.5,4756.5,,,,,35,496.3162309,4.271596639,2.212121212,30858,15,12,29,10,0.003797468,11.33291139,129,1,1,0,1,1,0
Manhattan,Battery Park City,40.71193198,-74.01686931,10013,2200,2733,4431,2823,3573,6859,10574,24,599.3333333,4.31372549,1.80952381,0,0,1,0,0,0,11.02439024,39,1,1,0,1,3,2
Manhattan,Financial District,40.70710711,-74.01066545,10038,2195,3027,3650,2955,3965,6065,10653,44,423.155275,4.211586453,1.952380952,16169,7,2,8,4,0.005128205,12.67692308,7,1,1,0,1,1,2
Queens,Astoria,40.76850859,-73.91565374,11105,1575,1875,2200,,,,,25,614.68,4.425882353,1.782608696,0,0,0,0,0,0.005479452,11.68219178,12,1,0,0,1,3,1
Queens,Woodside,40.74634909,-73.90184167,11372,1550,1547.5,2061.5,,,,,25,470.32,3.735686275,1.52173913,0,0,0,0,3,0.003095975,10.16099071,7,1,0,0,1,3,1
Queens,Jackson Heights,40.75198138,-73.88282109,11372,1575,1800,2150,,,,,67,616.1323718,4.055809189,1.833333333,34779,17,20,11,18,0.01056338,9.077464789,15,1,0,0,1,1,0
Queens,Elmhurst,40.74404851,-73.88165622,11373,1563,1800,2236,,,,,25,556.52,4.030588235,1.56,0,0,0,0,0,0.009174312,10.59633028,3,1,0,0,1,3,1
Queens,Howard Beach,40.65422528,-73.83813765,11414,1100,1625,2200,,,,,54,474.0893077,3.731336238,1.679245283,27534,17,4,24,2,0,12.2962963,1,1,0,0,1,1,1
Queens,Corona,40.74238175,-73.85682497,11373,1500,1600,1950,,,,,25,681.24,3.674509804,1.708333333,0,0,0,0,0,0,0,1,1,0,0,1,3,1
Queens,Forest Hills,40.72526378,-73.84447501,11375,1575,1750,2150,,,,,25,653.24,3.600784314,1.47826087,0,0,0,0,0,0,20.66666667,0,0,0,1,1,0,1
Queens,Kew Gardens,40.70517904,-73.82981906,11415,1450,1800,2125,,,,,45,534.259607,3.70439691,1.487804878,8511,10,7,14,2,0.032258065,12.25806452,2,1,0,0,1,2,1
Queens,Richmond Hill,40.69794731,-73.83183321,11418,2200,1695,1980,,,,,48,542.8703023,3.70647653,1.512195122,7449,20,6,14,8,0,10.79518072,0,0,0,1,1,3,1
Queens,Flushing,40.7644542,-73.831773,11354,1600,1750,2225,,,,,77,479.5608621,3.987216705,1.763888889,52237,26,16,30,16,0,16.78222222,2,1,0,0,1,1,0
Queens,Long Island City,40.75021735,-73.93920224,11101,1971,2500,3300,,,,,25,510.64,3.955294118,1.695652174,0,0,0,0,0,0.010695187,16.51871658,66,1,0,0,1,3,1
Queens,Sunnyside,40.67646822,-74.01202085,11104,,,,,,,,41,646.8536585,3.845588235,1.485714286,0,0,0,0,0,0,0,4,1,0,0,1,3,1
Queens,East Elmhurst,40.76407324,-73.86704148,11368,1375,1700,2000,,,,,25,716.68,2.735294118,1.64,0,0,0,0,0,0,11.55844156,0,0,0,1,1,3,1
Queens,Maspeth,40.72542737,-73.89621714,11378,2000,1750,2000,,,,,48,449.9065584,3.740998217,1.522727273,10623,19,16,14,4,0.02173913,14.05797101,1,1,0,0,1,2,1
Queens,Ridgewood,40.70832316,-73.90143518,11385,1811,1800,2000,,,,,25,666.76,3.600784314,1.666666667,0,0,0,0,0,0.005847953,8.909356725,2,1,0,0,1,3,1
Queens,Glendale,40.70276243,-73.87074167,11385,1400,1675,2000,,,,,79,640.6793734,3.815196078,1.5,23693,28,16,28,10,0,10.075,1,1,0,0,1,1,0
Queens,Rego Park,40.72897409,-73.85782687,11375,1673,1850,2300,,,,,25,534.8,3.023529412,1.291666667,0,0,0,1,0,0.017241379,13.70402299,3,1,0,0,1,2,1
Queens,Woodhaven,40.68988688,-73.85811047,11421,1500,1600,1925,,,,,40,501.7830564,3.672210953,1.342105263,6676,11,7,13,9,0,14.38461538,0,0,0,1,1,3,1
Queens,Ozone Park,40.68070847,-73.84320266,11417,1800,1888,2100,,,,,24,624.375,2.733333333,1.458333333,0,0,0,0,0,0,19.67149758,3,1,0,0,1,0,1
Queens,South Ozone Park,40.66854958,-73.80986479,11420,1085,1600,1950,,,,,42,797.2736784,3.713362382,1.444444444,5288,15,3,11,2,0,13.64646465,0,0,0,1,1,3,1
Queens,College Point,40.78490275,-73.84304529,11356,3000,1700,1900,,,,,58,482.8742397,3.649921569,1.625,11966,20,6,22,7,0,9.022222222,0,0,0,1,1,3,1
Queens,Whitestone,40.78129077,-73.81420217,11357,1150,1700,2150,,,,,25,748.48,3.154995331,1.64,0,0,0,0,0,0,10.18421053,1,1,0,0,1,3,1
Queens,Bayside,40.76604063,-73.77427363,11361,1850,1675,2300,,,,,62,643.2250216,3.846710942,1.894736842,26426,22,2,17,1,0,8.75862069,0,0,0,1,1,1,1
Queens,Auburndale,40.76172955,-73.79176244,11358,1838,1675,2175,,,,,25,663.76,3.249411765,1.583333333,0,0,0,0,0,0,13.03846154,1,1,0,0,1,3,1
Queens,Little Neck,40.77082619,-73.73889776,11362,,1875,3275,,,,,25,376.8,3.231729055,1.913043478,0,1,0,0,0,0,0,2,1,0,0,1,3,1
Queens,Douglaston,40.7668461,-73.74249821,11362,1300,1700,2645,,,,,46,470.9057756,3.797704448,1.909090909,12113,16,3,14,0,0,25.07142857,0,0,0,1,1,0,1
Queens,Glen Oaks,40.7494408,-73.71548119,11004,1575,2400,2000,,,,,25,624.4,3.164705882,1.391304348,0,0,0,0,0,0,29.32,2,1,0,0,1,0,1
Queens,Bellerose,40.72857318,-73.72012815,11426,1700,3386,2200,,,,,51,605.3896519,3.867647059,1.477272727,8463,12,4,14,5,0,14.19230769,0,0,0,1,1,3,1
Queens,Kew Gardens Hills,40.72257824,-73.82087765,11367,1450,1699,2100,,,,,47,702.5600581,3.576890756,1.568181818,12206,30,10,18,7,0,12.22222222,0,0,0,1,1,3,1
Queens,Fresh Meadows,40.73439447,-73.78271337,11366,1450,1590,2200,,,,,25,614.24,3.348039216,1.333333333,0,0,0,0,0,0,32.29166667,0,0,0,1,1,0,1
Queens,Briarwood,40.71093547,-73.81174822,11435,1438,1700,2050,,,,,48,749.1917843,3.563650075,1.382978723,8590,11,8,13,8,0,14.76699029,0,0,0,1,1,3,1
Queens,Jamaica Center,40.70465736,-73.79690166,11432,1600,1815,2200,,,,,23,556.173913,2.972850679,1.4,0,0,0,0,0,0.006944444,10.39583333,1,1,0,0,1,3,1
Queens,Oakland Gardens,40.74561857,-73.75494976,11364,,,,,,,,25,430.92,2.980392157,1.52173913,0,0,0,0,0,0,13.8,0,0,0,1,1,3,1
Queens,Queens Village,40.71889309,-73.73871485,11429,2300,1650,2000,,,,,36,467.4280598,3.481979458,1.40625,2397,11,1,3,2,0,17.37837838,0,0,0,1,1,0,1
Queens,Hollis,40.71124344,-73.75925009,11423,1600,1725,2000,,,,,49,674.7324712,3.732189542,1.294117647,5309,14,3,23,5,0,7.604938272,0,0,0,1,1,3,1
Queens,South Jamaica,40.69691125,-73.79042613,11432,2275,1999,2100,,,,,18,613,3.509803922,1.333333333,0,0,0,0,0,0.003436426,10.27147766,0,0,0,1,1,3,1
Queens,St. Albans,40.69444539,-73.75867604,11412,1650,1450,2300,,,,,54,562.407205,3.543431373,1.41025641,6327,25,3,21,4,0.020408163,13.03061224,0,0,0,1,1,2,1
Queens,Rochdale,40.6752114,-73.77258788,11434,2125,2100,2148,,,,,25,748.2,2.741176471,1.318181818,0,0,0,0,0,0,8.158730159,0,0,0,1,1,3,1
Queens,Springfield Gardens,40.66623049,-73.76042093,11434,,,,,,,,70,759.7231636,3.454454764,1.357142857,12241,22,5,20,7,0,13.62195122,2,1,0,0,1,3,1
Queens,Cambria Heights,40.69277464,-73.73526874,11411,,,,,,,,43,462.9854495,3.594117647,1.620689655,4749,17,3,15,1,0,12.88235294,0,0,0,1,1,3,1
Queens,Rosedale,40.65981643,-73.73526079,11422,1457,1700,1800,,,,,25,622.08,2.882352941,1.526315789,0,0,0,0,0,0,17.28,0,0,0,1,1,0,1
Queens,Far Rockaway,40.60313443,-73.75497968,11691,1823,1775,2160,,,,,24,262.625,2.694117647,1.272727273,0,0,0,0,0,0,28.62886598,0,0,0,1,1,0,1
Queens,Broad Channel,40.60302658,-73.82005489,11693,,,,,,,,7,383.4285714,4.37254902,1.5,0,0,0,0,0,0,15.66666667,0,0,0,1,1,3,1
Queens,Breezy Point,40.55740129,-73.92551197,11697,,,,,,,,5,455.4,3.078431373,1.5,0,0,0,0,0,0,0,0,0,0,1,1,3,1
Queens,Steinway,40.77592302,-73.9022896,11105,,,,,,,,25,618.04,4.334901961,1.791666667,0,0,0,0,0,0,3.8125,12,1,0,0,1,3,1
Queens,Beechhurst,40.7927814,-73.80436452,11357,,,,,,,,25,671.92,3.399077278,1.68,0,0,0,0,0,0,22.9,0,0,0,1,1,0,1
Queens,Bay Terrace,40.66841541,-73.95798422,11360,,,,,,,,96,605.3019064,3.877587491,1.769230769,18018,31,9,35,2,0,17.78125,0,0,0,1,1,1,1
Queens,Edgemere,40.59564181,-73.77613282,11691,,,,,,,,3,573,2.411764706,1,0,0,0,0,0,0,13.86666667,0,0,0,1,1,0,1
Queens,Arverne,40.58914394,-73.79199233,11692,,,,,,,,15,531.4666667,3.258823529,1.416666667,0,0,0,0,0,0.037037037,6.666666667,0,0,0,1,1,2,1
Queens,Rockaway Beach,40.5828017,-73.82236121,11694,1850,1650,2000,,,,,25,540.84,3.629514964,1.44,0,0,0,0,0,0,30.46666667,1,1,0,0,1,0,1
Queens,Neponsit,40.57203673,-73.85754672,11694,,,,,,,,10,905.7,2.992156863,1.125,0,0,0,0,0,0,24.36363636,0,0,0,1,1,0,1
Queens,Murray Hill,40.7562146,-73.89554739,11358,2400,3350,4678,2474,3426,4653,6568,97,562.0441167,3.984127967,1.850574713,23931,20,8,13,2,0,10.04825737,355,1,0,3,1,1,1
Queens,Floral Park,40.74137842,-73.70884706,11004,,1650,2300,,,,,41,674.2578061,3.56546003,1.405405405,7882,10,5,19,3,0,21.77272727,0,0,0,1,1,0,1
Queens,Holliswood,40.72095721,-73.76714167,11427,,,1852,,,,,40,645.6686395,3.161333333,1.375,11705,16,5,19,1,0,12.51851852,0,0,0,1,1,3,1
Queens,Jamaica Estates,40.71680483,-73.78722697,11432,1595,2058,2350,,,,,25,711.36,2.843137255,1.375,0,0,0,0,0,0,6.736842105,0,0,0,1,1,3,1
Queens,Queensboro Hill,40.74457231,-73.82580915,11355,,,,,,,,71,553.0865234,3.805313093,1.610169492,12286,24,16,9,10,0,20.17857143,2,1,0,0,1,0,0
Queens,Hillcrest,40.7238249,-73.79760301,11366,1413,3606,2100,,,,,55,686.5919447,3.674795752,1.510204082,11557,18,11,20,4,0,35.90322581,5,1,0,0,1,0,1
Queens,Ravenswood,40.76170453,-73.93157506,11101,,,,,,,,25,696.52,4.250196078,1.956521739,0,0,0,0,0,0.003355705,9.781879195,5,1,0,0,1,3,1
Queens,Lindenwood,40.66391842,-73.84963782,11417,,,,,,,,51,679.545384,3.67526738,1.425531915,11266,13,8,15,3,0,29.84090909,0,0,0,1,1,0,1
Queens,Laurelton,40.6678839,-73.74025608,11422,1350,3200,2000,,,,,54,749.5458991,3.482352941,1.522727273,6493,22,4,30,3,0,16.35416667,0,0,0,1,1,3,1
Queens,Lefrak City,40.73607457,-73.86252471,11373,,,,,,,,61,602.1301899,3.74459893,1.525423729,23278,17,15,13,13,0.011049724,16.4558011,0,0,0,1,1,1,0
Queens,Belle Harbor,40.57615557,-73.8540175,11694,,,,,,,,10,488.8,2.882352941,1.125,0,0,0,0,0,0,26.4,0,0,0,1,1,0,1
Queens,Rockaway Park,40.58034296,-73.8415337,11694,,,,,,,,64,550.2316998,3.878676471,1.652173913,8044,30,13,56,2,0,30.55384615,1,1,0,0,1,0,1
Queens,Somerville,40.59771062,-73.79664751,11692,,,,,,,,28,675.6297534,4.121078431,1.65,3493,9,20,21,5,0,14.90909091,0,0,0,1,1,3,1
Queens,Brookville,40.66000323,-73.75175311,11413,1500,3623,2250,,,,,33,713.2417949,3.427215686,1.269230769,6306,28,6,24,2,0,44.11111111,0,0,0,1,1,0,1
Queens,Bellaire,40.73301404,-73.73889199,11364,,,,,,,,62,515.7617309,3.567211329,1.543859649,9557,23,10,17,3,0,18.83333333,0,0,0,1,1,0,1
Queens,North Corona,40.754071,-73.85751791,11368,,,,,,,,82,607.8558264,3.914632719,1.542857143,21037,39,17,29,14,0.004901961,11.53431373,1,1,0,0,1,1,0
Queens,Forest Hills Gardens,40.71461108,-73.84102211,11375,,,,,,,,72,682.8584942,3.867538126,1.788732394,29966,29,16,32,10,0,10.15,2,1,0,0,1,1,0
Staten Island,St. George,40.64498157,-74.07935313,10301,2400,1738,2298,,,,,25,424.52,3.386554622,1.708333333,0,0,0,0,0,0,0,2,1,0,0,0,3,1
Staten Island,New Brighton,40.64061456,-74.08701651,10301,,2400,1800,,,,,25,773.08,3.605664488,1.428571429,0,0,0,0,0,0,13.38647343,0,0,0,1,0,3,1
Staten Island,Stapleton,40.62692763,-74.07790193,10301,3279,1600,3200,,,,,25,402.4,3.239651416,1.434782609,0,0,0,0,0,0,13.12087912,0,0,0,1,0,3,1
Staten Island,Rosebank,40.61530495,-74.06980527,10305,,1775,1850,,,,,25,371.32,3.405228758,1.583333333,0,0,0,0,0,0,0,0,0,0,1,0,3,1
Staten Island,West Brighton,40.63187893,-74.10718178,10301,,1700,1800,,,,,25,327.6,3.389850058,1.380952381,0,0,0,0,0,0,16.81176471,0,0,0,1,0,0,1
Staten Island,Grymes Hill,40.62418479,-74.0872482,10304,,,,,,,,17,797.7647059,3.392156863,1.6,0,0,0,0,0,0,15.76811594,0,0,0,1,0,3,1
Staten Island,Todt Hill,40.59706852,-74.11132882,0,,,,,,,,0,0,0,0,0,0,0,0,0,0,37.66666667,0,0,0,1,0,0,1
Staten Island,South Beach,40.58024741,-74.07955293,10305,1575,1675,1800,,,,,2,323.5,3.274509804,1.5,0,0,0,0,0,0,10.08333333,0,0,0,1,0,3,1
Staten Island,Port Richmond,40.63366931,-74.12943427,10310,,,,,,,,67,610.0104406,3.859477124,1.580645161,10143,21,3,19,2,0,12.77007299,0,0,0,1,0,3,1
Staten Island,Mariner's Harbor,40.63254639,-74.15008537,10302,,,,,,,,25,754.56,3.352941176,1.52173913,0,0,0,0,0,0,13.57823129,0,0,0,1,0,3,1
Staten Island,Port Ivory,40.63968298,-74.17464533,10303,,,,,,,,3,958.3333333,0,1,0,0,0,0,0,0,0,0,0,0,1,0,3,1
Staten Island,Castleton Corners,40.61333594,-74.11918059,10314,,,1400,,,,,25,457.24,3.205305652,1.333333333,0,0,0,0,0,0,21.67,0,0,0,1,0,0,1
Staten Island,New Springville,40.59425238,-74.16496031,10314,,1400,1850,,,,,22,546.6818182,2.680672269,1.1875,0,0,0,0,0,0,0,0,0,0,1,0,3,1
Staten Island,Travis,40.58631375,-74.19073718,10314,,,1800,,,,,11,521.4545455,3.196078431,1.5,0,0,0,0,0,0,0,0,0,0,1,0,3,1
Staten Island,New Dorp,40.57257232,-74.11647944,10306,,1450,1500,,,,,25,522.16,3.236999147,1.52,0,0,0,0,0,0,13.76595745,0,0,0,1,0,3,1
Staten Island,Oakwood,40.55846224,-74.12156594,10306,,1200,1725,,,,,15,844.2666667,2.725490196,1.444444444,0,0,0,0,0,0.036363636,15.12727273,0,0,0,1,0,2,1
Staten Island,Great Kills,40.54948023,-74.14932381,10308,1400,1575,1750,,,,,25,511.72,3.223760092,1.92,0,0,0,0,0,0,16.3875,0,0,0,1,0,3,1
Staten Island,Eltingville,40.54223075,-74.1643308,10312,,1899,1800,,,,,25,294.44,3.050980392,1.52,0,0,0,0,0,0,14.66666667,0,0,0,1,0,0,1
Staten Island,Annadale,40.53811417,-74.17854866,10312,,,,,,,,20,399.3,3.039215686,1.5625,0,0,0,0,0,0,17.5443038,0,0,0,1,0,0,1
Staten Island,Woodrow,40.54196762,-74.20524582,10309,,,,,,,,9,189.7777778,3.039215686,1.285714286,0,0,0,0,0,0,18.96153846,0,0,0,1,0,0,1
Staten Island,Tottenville,40.50533376,-74.24656934,10307,,,,,,,,49,676.1353441,3.875465058,1.625,5693,6,6,25,1,0,19.52083333,0,0,0,1,0,0,1
Staten Island,Tompkinsville,40.63731607,-74.08055352,10301,1900,2325,2800,,,,,25,493.52,3.358974359,1.409090909,0,0,0,0,0,0.003448276,20.99310345,0,0,0,1,0,0,1
Staten Island,Silver Lake,40.61919311,-74.09629029,10301,,1300,2100,,,,,10,721.7,3.450980392,1.625,0,0,0,0,0,0,12,0,0,0,1,0,3,1
Staten Island,Sunnyside,40.67646822,-74.01202085,10301,,,,,,,,41,646.8536585,3.845588235,1.485714286,0,0,0,0,0,0,0,4,1,0,0,0,3,1
Brooklyn,Ditmas Park,40.64367518,-73.96101312,11218,,,,,,,,67,662.2772828,3.976294996,1.741935484,12430,25,19,24,13,0.00619195,13.40712074,0,0,1,2,1,1,0
Brooklyn,Wingate,40.66094656,-73.93718681,11213,,,,,,,,61,671.5750763,3.726,1.588235294,12907,24,13,30,18,0,13.98704663,0,0,1,2,1,3,0
Brooklyn,Rugby,40.65557231,-73.92688213,11203,,,,,,,,87,611.2098821,3.613208061,1.508474576,17456,49,7,46,15,0.001697793,11.26825127,1,1,1,0,1,1,0
Staten Island,Park Hill,40.60919044,-74.08015735,10304,,,,,,,,24,726.25,2.960784314,1.583333333,0,0,0,0,0,0.015384615,15.01538462,0,0,0,1,0,2,1
Staten Island,Westerleigh,40.62109047,-74.13304144,10302,,1350,1800,,,,,66,767.231312,3.85,1.50877193,12243,20,8,34,9,0,18.29591837,0,0,0,1,0,0,1
Staten Island,Graniteville,40.62017151,-74.15315246,10303,,1350,1850,,,,,25,747.32,2.973856209,1.565217391,0,0,0,0,0,0.013888889,13.33333333,0,0,0,1,0,3,1
Staten Island,Arlington,40.6353251,-74.1651042,10303,,,,,,,,17,587.3529412,2.333333333,1.111111111,0,0,0,0,0,0.021276596,17.19148936,0,0,0,1,0,2,1
Staten Island,Arrochar,40.59631257,-74.06712363,10305,,,,,,,,24,477.625,2.927170868,1.533333333,0,0,0,0,0,0,21.92424242,0,0,0,1,0,0,1
Staten Island,Grasmere,40.59826836,-74.07667436,10304,,,,,,,,25,637.56,3.261437908,1.666666667,0,0,0,0,0,0,0,0,0,0,1,0,3,1
Staten Island,Old Town,40.59632891,-74.08751118,10305,,,,,,,,25,476.76,3.175163399,1.666666667,0,0,0,0,0,0.023809524,31.04761905,0,0,0,1,0,2,1
Staten Island,Dongan Hills,40.58867295,-74.09639905,10305,,2400,1800,,,,,25,483.68,3.357843137,1.666666667,0,0,0,0,0,0.014492754,26.20289855,0,0,0,1,0,0,1
Staten Island,Midland Beach,40.57352691,-74.09348266,10306,,1400,1700,,,,,25,798.16,2.901960784,1.318181818,0,0,0,0,0,0,18.77272727,0,0,0,1,0,0,1
Staten Island,Grant City,40.57621559,-74.10585599,10306,,1200,1900,,,,,25,547.96,3.267379679,1.6,0,0,0,0,0,0,5.441176471,0,0,0,1,0,3,1
Staten Island,New Dorp Beach,40.56425549,-74.10432707,10306,,,,,,,,25,685.2,2.949579832,1.416666667,0,0,0,0,0,0.012987013,19.61038961,0,0,0,1,0,0,1
Staten Island,Bay Terrace,40.66841541,-73.95798422,10308,,,,,,,,96,605.3019064,3.877587491,1.769230769,18018,31,9,35,2,0,17.78125,0,0,0,1,0,1,1
Staten Island,Huguenot,40.53191192,-74.19174106,10312,,,,,,,,10,183.6,3.392156863,1.6,0,0,0,0,0,0,13.1025641,0,0,0,1,0,3,1
Staten Island,Pleasant Plains,40.52469938,-74.21983107,10309,,,,,,,,16,578.8125,3.222222222,1.307692308,0,0,0,0,0,0,15.61538462,0,0,0,1,0,0,1
Staten Island,Butler Manor,40.50608165,-74.2295035,0,,,,,,,,0,0,0,0,0,0,0,0,0,0,18,0,0,0,1,0,0,1
Staten Island,Charleston,40.53053148,-74.23215776,10309,,,,,,,,25,695.52,3.450980392,1.772727273,0,0,0,0,0,0,13,0,0,0,1,0,3,1
Staten Island,Rossville,40.54940401,-74.21572851,10309,,,,,,,,18,552.5555556,2.852941176,1.363636364,0,0,0,0,0,0,14.67741935,0,0,0,1,0,0,1
Staten Island,Arden Heights,40.54928582,-74.18588675,10312,,1650,2250,,,,,7,701.1428571,3.013071895,1.333333333,0,0,0,0,0,0,17.83529412,0,0,0,1,0,0,1
Staten Island,Greenridge,40.55529524,-74.17079415,10312,,,,,,,,17,616.9411765,2.65577342,1.4,0,0,0,0,0,0,17.00925926,0,0,0,1,0,0,1
Staten Island,Heartland Village,40.58913895,-74.15902208,10314,,,,,,,,24,688.25,2.625668449,1.166666667,0,0,0,0,0,0.024096386,13.5060241,0,0,0,1,0,2,1
Staten Island,Chelsea,40.66938037,-74.09633839,10314,2659.75,3365.75,5498,2794,4062,6997,11031,41,503.5365854,4.134640523,1.914285714,0,0,0,0,0,0.003824092,12.17112811,305,1,0,3,0,3,1
Staten Island,Bloomfield,40.60577868,-74.18725638,10314,,,,,,,,7,661.2857143,2.137254902,1,0,0,0,0,0,0,19,0,0,0,1,0,0,1
Staten Island,Bulls Head,40.6095918,-74.15940949,10314,,1975,1475,,,,,25,391.04,2.803921569,1.434782609,0,0,0,0,0,0.029411765,18.82352941,0,0,0,1,0,2,1
Manhattan,Carnegie Hill,40.78268257,-73.95325647,10028,,,,2307,3266,5547,11529,47,428.4801421,4.158948686,1.847826087,19482,12,8,15,8,0.002310536,10.07162662,208,1,1,0,1,1,0
Manhattan,Noho,40.72325902,-73.98843368,10012,2500,1750,7248,,,,,66,769.428809,4.284343434,2.246153846,90388,7,9,17,7,0.005050505,9.21043771,417,1,1,3,1,1,0
Manhattan,Civic Center,40.71522892,-74.0054153,10013,2367,2119,3446.5,,,,,66,421.4993259,4.279055258,2.203125,71297,8,17,20,14,0.020618557,13.78522337,63,1,1,0,1,1,0
Manhattan,Midtown South,40.74850966,-73.98871313,10016,,,,,,,,52,437.9879071,4.252187029,2.18,30601,17,17,15,6,0.002702703,11.7027027,318,1,1,3,1,1,0
Staten Island,Richmond Town,40.56960594,-74.1340573,10306,,,,,,,,20,710.45,3.039215686,1.5,0,0,0,0,0,0,39,0,0,0,1,0,0,1
Staten Island,Shore Acres,40.60971934,-74.06667766,10305,,,,,,,,25,533.12,3.241830065,1.5,0,0,0,0,0,0,20.81609195,0,0,0,1,0,0,1
Staten Island,Clifton,40.61917845,-74.07264245,10304,,,,,,,,25,645,3.556862745,1.583333333,0,0,0,0,0,0,21.63333333,0,0,0,1,0,0,1
Staten Island,Concord,40.60447319,-74.08402365,10305,,1700,1900,,,,,148,629.0774554,3.869841967,1.644230769,23621,45,26,112,5,0,14.44927536,0,0,0,4,0,1,0
Staten Island,Emerson Hill,40.60679439,-74.09776207,10304,,,,,,,,12,843.4166667,2.594771242,1.166666667,0,0,0,0,0,0,25.67857143,0,0,0,1,0,0,1
Staten Island,Randall Manor,40.63563001,-74.09805062,10301,,,,,,,,99,686.709373,3.826481604,1.704225352,14290,55,41,94,3,0,8.892857143,0,0,0,4,0,1,0
Staten Island,Howland Hook,40.63843284,-74.18622332,7202,,,,,,,,3,864.6666667,2.725490196,1.5,0,0,0,0,0,0,0,0,0,0,1,0,3,1
Staten Island,Elm Park,40.63014674,-74.14181679,10303,,,,,,,,63,742.3372114,3.472021116,1.4375,9928,15,7,40,3,0.011695906,10.79532164,0,0,0,1,0,3,1
Brooklyn,Remsen Village,40.65211745,-73.91665332,11236,,,,,,,,24,569.7083333,2.734204793,1.55,0,0,0,0,0,0.004975124,11.43781095,0,0,1,2,1,3,2
Brooklyn,New Lots,40.66274428,-73.88511776,11207,,,,,,,,25,645.2,2.6114082,1.333333333,0,0,0,0,0,0,11.4872449,0,0,1,2,1,3,2
Brooklyn,Paerdegat Basin,40.63131755,-73.90233474,11236,,,,,,,,79,746.7878895,3.482745098,1.416666667,10423,40,6,32,5,0.008,12.552,0,0,1,2,1,3,0
Brooklyn,Mill Basin,40.61597424,-73.91515392,11234,,1400,1950,,,,,127,650.4066254,3.655972977,1.698924731,49435,54,16,90,10,0.016949153,10.98305085,0,0,1,4,1,1,0
Queens,Jamaica Hills,40.71145964,-73.79646462,11432,,1525,2300,,,,,90,741.428941,3.742913874,1.38961039,21273,40,12,46,19,0.015151515,12.52525253,0,0,0,1,1,1,0
Queens,Utopia,40.73350025,-73.79671678,11365,,,,,,,,25,743.48,3.156862745,1.458333333,0,0,0,0,0,0,0,1,1,0,0,1,3,1
Queens,Pomonok,40.73493618,-73.8048612,11365,,1688,2100,,,,,61,637.4287438,3.732126697,1.490909091,20790,31,10,25,7,0,8.476190476,6,1,0,0,1,1,1
Queens,Astoria Heights,40.77031739,-73.89467996,11105,,,,,,,,75,882.6238394,4.045066916,1.642857143,25843,18,10,16,5,0,9.92,1,1,0,0,1,1,1
Bronx,Claremont Village,40.83142834,-73.90119903,10459,,,,,,,,49,564.0434744,3.932703081,1.258064516,2603,15,17,15,12,0.004347826,9.667826087,0,0,1,2,1,3,0
Bronx,Concourse Village,40.82478049,-73.91584653,10456,3098,1700,2195,,,,,57,562.8527409,3.582553021,1.534883721,5143,26,22,23,20,0.001383126,9.887966805,1,1,1,0,1,3,0
Bronx,Mount Eden,40.84382618,-73.91655552,10452,1375,1475,1950,,,,,60,608.8200729,3.66022409,1.244897959,6221,16,23,27,16,0.011363636,-0.127525253,0,0,1,2,1,3,0
Bronx,Mount Hope,40.84884161,-73.90829931,10453,,1875,1825,,,,,56,489.973489,3.737946943,1.342857143,6623,26,23,37,22,0.008955224,11.67462687,0,0,1,2,1,3,0
Manhattan,Sutton Place,40.76028033,-73.96355614,10065,,,,2676,3622,5217,6497,42,583.240252,4.235294118,2.43902439,12546,12,8,8,5,0,10.84946237,71,1,1,0,1,1,2
Queens,Hunters Point,40.74341409,-73.95386782,11101,,,,,,,,24,171.7083333,4.163398693,1.739130435,0,0,0,0,0,0,9.302325581,103,1,0,0,1,3,1
Manhattan,Turtle Bay,40.75204237,-73.96770825,10022,,,,,,,,62,781.210454,4.208096142,2.338983051,48635,14,14,13,5,0,0,217,1,1,0,1,1,0
Manhattan,Tudor City,40.74691741,-73.97121929,10017,,,,,,,,48,1771.57544,4.253186275,2.340909091,31858,4,15,10,6,0,10.62871287,41,1,1,0,1,1,0
Manhattan,Stuyvesant Town,40.73099955,-73.9740517,10009,2250,1600,4100,,,,,57,562.9855658,4.236016512,1.854545455,33231,14,21,27,9,0,11.79310345,159,1,1,0,1,1,0
Manhattan,Flatiron,40.73967305,-73.99094711,10011,,,,,,,,62,598.5072391,4.278273245,2.383333333,63300,28,13,18,8,0,10.16009852,730,1,1,3,1,1,0
Queens,Sunnyside Gardens,40.74565181,-73.91819286,11104,,,,,,,,61,542.0210834,4.174606236,1.6,16054,9,6,20,9,0.004587156,11.28899083,16,1,0,0,1,1,1
Queens,Blissville,40.73725072,-73.93244235,11101,,,2000,,,,,25,726.8,3.399077278,1.416666667,0,0,0,1,0,0.006993007,14.66433566,0,0,0,1,1,3,1
Brooklyn,Fulton Ferry,40.70328109,-73.99550752,11201,,,,,,,,25,396.68,4.303529412,1.791666667,0,0,0,0,0,0,14.65789474,0,0,1,2,1,3,2
Brooklyn,Vinegar Hill,40.7033215,-73.98111604,11201,,1500,4500,,,,,25,604.36,4.171764706,1.47826087,0,0,0,0,0,0,14.92753623,80,1,1,0,1,3,2
Brooklyn,Weeksville,40.67503987,-73.93053109,11233,,,,,,,,53,635.0616353,3.868584825,1.511111111,12463,27,28,17,8,0.007667032,14.67031763,1,1,1,0,1,3,0
Brooklyn,Broadway Junction,40.67786105,-73.90331685,11207,,,,,,,,25,687.32,2.751633987,1.285714286,0,0,0,0,0,0.053658537,8.682926829,10,1,1,0,1,2,2
Brooklyn,Dumbo,40.70317633,-73.98875281,11201,1313,1650,5620,3189,4132,6086,9144,122,631.3622798,4.086647221,1.939130435,74115,47,47,62,13,0.004784689,14.59330144,102,1,1,0,1,1,0
Staten Island,Manor Heights,40.60180958,-74.120594,10314,,,1450,,,,,20,574.5,3.379084967,1.4,0,0,0,0,0,0,23.16666667,0,0,0,1,0,0,1
Staten Island,Willowbrook,40.60370693,-74.13208447,10314,,1500,1550,,,,,200,730.1247666,3.654678176,1.693430657,35516,94,24,136,8,0,12.91208791,0,0,0,4,0,1,0
Staten Island,Sandy Ground,40.54113992,-74.21776636,10309,,,,,,,,11,910.8181818,2.915966387,1.222222222,0,0,0,0,0,0,16.55555556,0,0,0,1,0,0,1
Staten Island,Egbertville,40.57911874,-74.12727241,10306,,,,,,,,9,634.7777778,2.764705882,1.25,0,0,0,0,0,0,16.23076923,0,0,0,1,0,0,1
Queens,Roxbury,40.56737589,-73.8921376,11697,,,,,,,,9,383.7244667,4.116666667,1.75,904,2,5,3,1,0,77,0,0,0,1,1,0,1
Brooklyn,Homecrest,40.5985251,-73.95918459,11229,,,,,,,,25,394.44,2.782135076,1.590909091,0,0,0,0,0,0.009090909,10.65454545,1,1,1,0,1,3,2
Queens,Middle Village,40.71641451,-73.88114319,11379,1675,1800,2100,,,,,47,611.3130611,3.810521282,1.465116279,9186,20,6,18,3,0.008474576,11.01694915,1,1,0,0,1,3,1
Staten Island,Prince's Bay,40.52626407,-74.20152556,10312,,,,,,,,91,347.037984,3.58504332,1.585714286,13935,39,17,70,2,0,29.06451613,0,0,0,4,0,0,1
Staten Island,Lighthouse Hill,40.57650629,-74.13792664,10306,,,,,,,,132,762.6318438,3.757765328,1.706521739,26044,54,21,125,4,0,25.6,0,0,0,4,0,1,0
Staten Island,Richmond Valley,40.51954146,-74.22957081,10309,,,,,,,,101,637.1277792,3.746132299,1.683544304,17087,25,25,80,3,0,12.07142857,0,0,0,4,0,1,0
Queens,Malba,40.79060156,-73.82667757,11357,,,,,,,,71,721.9616401,3.859048537,1.636363636,9295,38,11,44,5,0,14.57894737,0,0,0,1,1,1,0
Brooklyn,Highland Park,40.68199893,-73.89034571,11207,,,,,,,,95,701.6825515,3.63194341,1.38028169,20237,37,42,39,18,0,14.16772152,0,0,1,2,1,1,0
Brooklyn,Madison,40.6093777,-73.94841515,11229,,,,,,,,89,704.9902235,3.793099058,1.512820513,18620,33,9,24,17,0.013888889,12.09722222,0,0,1,2,1,1,0
Bronx,Bronxdale,40.85272298,-73.86172578,10462,,,,,,,,88,638.5297126,3.696934866,1.524390244,28909,30,16,35,23,0.005509642,6.112947658,0,0,1,2,1,1,0
Bronx,Allerton,40.86578788,-73.85931863,10467,1850,1400,1800,,,,,82,515.2963234,3.681849497,1.21875,12077,35,24,32,18,0.001972387,8.936883629,0,0,1,2,1,3,0
Bronx,Kingsbridge Heights,40.87039239,-73.90152265,10468,,,,,,,,58,589.6386867,3.667201426,1.307692308,16803,26,18,20,12,0.007462687,7.308102345,0,0,1,2,1,3,0
Brooklyn,Erasmus,40.64692607,-73.9481771,11226,,,,,,,,77,585.5142995,3.845854342,1.523076923,17867,30,10,47,18,0.012232416,11.27675841,2,1,1,0,1,1,0
Manhattan,Hudson Yards,40.75665808,-74.00011136,10001,,,,,,,,62,1964.460545,4.20113852,1.915254237,62690,28,28,29,4,0,12.62365591,26,1,1,0,1,1,0
Queens,Hammels,40.58733774,-73.80553003,11693,,,,,,,,58,631.065083,3.894376619,1.408163265,9496,11,17,18,2,0,20.12903226,1,1,0,0,1,0,1
Queens,Bayswater,40.61132169,-73.76596781,11691,,,,,,,,48,530.5107164,3.615947712,1.153846154,5916,32,18,30,10,0,8.9,0,0,0,1,1,3,0
Queens,Queensbridge,40.7560913,-73.9456307,11101,,,,,,,,101,860.36163,4.024836601,1.852272727,41362,48,36,63,9,0.043478261,6.434782609,1,1,0,4,1,2,0
Staten Island,Fox Hills,40.61731079,-74.08173992,10304,,,5595,,,,,94,699.1839141,3.860477203,1.631578947,12823,41,20,80,6,0.006134969,12.63803681,0,0,0,4,0,1,0
